m1,m2,m3,m4
-0.36082980036735535,-0.12150920182466507,0.17611753940582275,0.55152040719985962
-0.081489682197570801,-0.728629469871521,-0.2425583153963089,-0.56343013048171997
-0.59236365556716919,-0.01171580795198679,-1.3081717491149902,1.5767374038696289
0.49915501475334167,-0.45242011547088623,0.11857893317937851,0.67811626195907593
4.5229644775390625,5.7134523391723633,1.153510570526123,0.74199670553207397
5.2042789459228516,0.90610003471374512,4.4431281089782715,1.0920242071151733
5.5222578048706055,4.2977643013000488,-0.19739033281803131,-0.042760543525218964
4.290703296661377,4.2236428260803223,0.57124292850494385,-0.45742830634117126
0.61373639106750488,-0.2910040020942688,0.98648029565811157,-0.20845989882946014
3.7349393367767334,-0.035817041993141174,4.5415740013122559,0.34466263651847839
0.137857586145401,0.076847828924655914,4.6818356513977051,5.4211831092834473
5.9070262908935547,0.47875934839248657,3.9406273365020752,0.01898573711514473
0.33326280117034912,-0.6096453070640564,5.1291103363037109,5.2326574325561523
5.5489273071289062,0.14787197113037109,5.7990808486938477,0.6357414722442627
-0.33203798532485962,-0.38332915306091309,-0.0096209542825818062,-0.37907952070236206
0.17902565002441406,-0.3613707423210144,0.54797351360321045,0.2418055534362793
5.6638278961181641,5.3294639587402344,0.073736071586608887,-1.137086033821106
4.2025103569030762,0.074456900358200073,5.1999788284301758,0.17699846625328064
5.6010165214538574,5.4257349967956543,0.62072020769119263,0.62711489200592041
4.1544175148010254,4.5057859420776367,0.37666058540344238,0.41006192564964294
-0.29926860332489014,0.052042290568351746,3.8920133113861084,4.949674129486084
1.5736540555953979,-0.10705091804265976,5.7425189018249512,5.4294829368591309
0.30639934539794922,0.61418288946151733,0.037121403962373734,1.0590121746063232
-0.054505918174982071,-0.016753071919083595,1.3875759840011597,-0.045665845274925232
0.58725941181182861,-0.4781607985496521,6.5412368774414062,3.5787839889526367
4.8537149429321289,0.43127739429473877,4.469883918762207,0.25720322132110596
0.3730853796005249,0.31518840789794922,1.1467933654785156,0.4575330913066864
-0.20675712823867798,0.48924499750137329,5.1601324081420898,5.2774944305419922
-1.4131346940994263,0.10232787579298019,-0.21111609041690826,0.98186314105987549
0.28343257308006287,-0.50259512662887573,0.073552742600440979,-0.35925412178039551
4.6931118965148926,-0.89123773574829102,5.3169255256652832,0.11451876163482666
4.6558384895324707,5.6603336334228516,-0.058544427156448364,1.0149000883102417
5.0022783279418945,0.56114840507507324,4.4602117538452148,-0.45528122782707214
5.8055305480957031,0.023210262879729271,5.1839165687561035,-0.43745520710945129
0.17727690935134888,-1.4369159936904907,4.3617768287658691,4.7329039573669434
5.5050721168518066,4.9422321319580078,-0.052845530211925507,-1.0348811149597168
0.37743857502937317,0.49142783880233765,0.72554093599319458,-0.029683105647563934
5.0609588623046875,4.7050909996032715,-0.7057843804359436,-0.74434429407119751
5.402672290802002,0.18699376285076141,4.9612388610839844,-1.0866966247558594
4.9170103073120117,4.3774900436401367,0.46274110674858093,0.45187938213348389
-0.74958735704421997,0.30815741419792175,5.0685482025146484,4.4245409965515137
0.20858114957809448,-0.79889541864395142,4.7862005233764648,5.7791733741760254
3.6333117485046387,4.6689305305480957,-0.49667048454284668,-0.13966329395771027
4.4082746505737305,5.7414050102233887,-0.043443944305181503,0.098341949284076691
4.9642753601074219,-0.13330209255218506,5.884183406829834,1.0369346141815186
4.9035444259643555,0.85257649421691895,4.7671570777893066,0.27388390898704529
4.7477831840515137,0.21922211349010468,4.7830638885498047,-0.24859458208084106
5.5931544303894043,5.7391071319580078,0.18466971814632416,-0.26250162720680237
4.3582315444946289,4.9600739479064941,0.12202051281929016,0.055856168270111084
-1.5681860446929932,0.40863579511642456,1.0417702198028564,0.035095404833555222
5.4682712554931641,0.31995779275894165,6.1188383102416992,-0.17474591732025146
0.027063043788075447,-0.22884415090084076,-0.69664037227630615,-0.15007662773132324
4.9349064826965332,0.95761525630950928,5.3780736923217773,0.076787650585174561
4.7652654647827148,5.5343046188354492,0.3035430908203125,0.29516085982322693
3.9878003597259521,-0.49474206566810608,5.0302329063415527,-0.58698093891143799
4.4283771514892578,5.7135486602783203,0.15350176393985748,-0.49430811405181885
0.3044484555721283,-0.28772091865539551,5.5987377166748047,4.8158330917358398
5.0112895965576172,-1.5708276033401489,5.5136814117431641,-0.26814457774162292
-0.85134619474411011,-0.13310824334621429,4.3718500137329102,4.814176082611084
0.35890316963195801,-0.55598253011703491,0.70027059316635132,0.010912897065281868
0.47182777523994446,-0.24468420445919037,0.90828996896743774,1.006770133972168
4.919219970703125,4.6386222839355469,0.30268725752830505,-0.30186796188354492
4.9901680946350098,3.5336854457855225,-1.5922714471817017,-0.46445950865745544
5.8454842567443848,4.6982231140136719,0.85841184854507446,0.83131080865859985
5.236903190612793,5.5777220726013184,-0.88610595464706421,-0.31371802091598511
5.7319250106811523,3.9890480041503906,0.95083683729171753,-0.89533543586730957
4.9729537963867188,0.87036526203155518,4.9446682929992676,-1.0682297945022583
0.88769268989562988,0.91771012544631958,4.505826473236084,4.3052377700805664
4.95458984375,4.4317874908447266,-0.98883849382400513,-0.71789133548736572
0.55064904689788818,1.3767949342727661,0.56658565998077393,-0.075578048825263977
4.7931327819824219,4.3403511047363281,-0.21416181325912476,-0.90404409170150757
-0.64620161056518555,0.086202584207057953,4.9027910232543945,5.2350473403930664
5.6009626388549805,4.7633404731750488,0.074866913259029388,-0.48899775743484497
6.3776025772094727,5.7556920051574707,-0.17308278381824493,-0.16355597972869873
4.8044729232788086,4.2479033470153809,-0.70914369821548462,0.30360889434814453
5.8813138008117676,-0.2771727442741394,3.5642433166503906,0.25122702121734619
-0.14214536547660828,-0.89306634664535522,0.51076865196228027,-0.78751206398010254
0.55409586429595947,0.50292873382568359,0.56508296728134155,-0.45744317770004272
-0.59351509809494019,0.34342506527900696,-0.17150607705116272,-0.065483808517456055
0.16538776457309723,-0.077464506030082703,4.6175603866577148,4.9639878273010254
4.5418033599853516,-0.48239320516586304,5.6093745231628418,-1.208930492401123
-0.8112671971321106,-0.58395540714263916,-0.45735982060432434,-0.78256410360336304
5.3930144309997559,5.0550003051757812,0.34489428997039795,0.2897360622882843
0.96578806638717651,-0.83913320302963257,-0.81542396545410156,-0.41490200161933899
-0.47310417890548706,1.234370231628418,0.54118072986602783,-0.9928860068321228
4.4696741104125977,-0.66119176149368286,5.1786713600158691,-0.24056670069694519
4.3564910888671875,-0.044472441077232361,4.9983334541320801,-0.90969687700271606
-0.27488458156585693,-0.35995841026306152,-0.13899660110473633,0.55340808629989624
0.39938822388648987,-0.15556652843952179,5.7053351402282715,6.2009077072143555
0.4273369312286377,-0.048027124255895615,5.7065639495849609,5.0668721199035645
0.26577255129814148,0.32463780045509338,0.77994149923324585,-0.12850199639797211
5.4557523727416992,-0.49632042646408081,6.434229850769043,-0.11158734560012817
-0.28132659196853638,-0.58283549547195435,-0.39009273052215576,0.09840700775384903
4.8963742256164551,0.47273710370063782,4.4279565811157227,-0.17535224556922913
5.4092297554016113,1.2069514989852905,6.2437763214111328,-0.79766041040420532
4.8310537338256836,5.4314708709716797,0.11164042353630066,0.3729935884475708
-0.576973557472229,0.26666659116744995,0.76495921611785889,-1.324823260307312
4.1734099388122559,0.11332146823406219,5.1398501396179199,-0.36010327935218811
6.6185522079467773,5.0463151931762695,-0.81354349851608276,-0.17183379828929901
3.9801709651947021,3.842726469039917,0.6521763801574707,-0.16939385235309601
5.0175900459289551,5.3434381484985352,0.35869237780570984,0.50857704877853394
6.1605887413024902,-0.30245530605316162,4.2836589813232422,-0.97001659870147705
0.5025065541267395,0.17896509170532227,-0.27148079872131348,-0.77683848142623901
4.8887920379638672,5.9016189575195312,-0.19538940489292145,-0.28710725903511047
0.31999751925468445,-0.083138681948184967,0.017157506197690964,0.69367504119873047
6.0709738731384277,5.3486337661743164,-0.33001998066902161,-0.93078511953353882
5.113776683807373,-0.42606455087661743,4.6752595901489258,0.50778770446777344
-0.34145250916481018,0.84424012899398804,5.1281986236572266,4.904120922088623
5.8711357116699219,0.8571210503578186,5.0537667274475098,0.35497871041297913
1.1213960647583008,0.46346506476402283,-1.3359472751617432,0.68774676322937012
4.4092669486999512,0.47863501310348511,4.4984402656555176,-0.28464886546134949
0.4312540590763092,0.17795418202877045,-0.20461010932922363,-0.049995683133602142
5.077608585357666,0.22637671232223511,5.3047242164611816,-0.46324878931045532
0.42098477482795715,0.30035161972045898,5.3187551498413086,3.9014797210693359
5.3160185813903809,4.8979134559631348,-0.24540701508522034,0.30541476607322693
4.9876923561096191,4.6691994667053223,-0.48607733845710754,0.019897256046533585
0.26295062899589539,-0.1821521669626236,4.7407650947570801,4.5996294021606445
-0.72631716728210449,0.31771755218505859,-0.061319153755903244,1.1307100057601929
-0.84265196323394775,-0.23131774365901947,-0.15261635184288025,0.05202827975153923
5.4324493408203125,3.8441698551177979,-0.092417106032371521,0.10982205718755722
0.051621302962303162,0.44360613822937012,4.9073524475097656,4.2562770843505859
4.9210295677185059,0.14139272272586823,3.6187760829925537,0.56886494159698486
3.9943687915802002,-0.40568220615386963,5.8795747756958008,-0.65905129909515381
4.6583013534545898,4.8593621253967285,-0.77321583032608032,-0.53996485471725464
5.1153230667114258,0.24287554621696472,4.2736806869506836,-0.21463765203952789
-0.29179376363754272,0.98717039823532104,-0.16101796925067902,0.95988476276397705
0.04877040907740593,0.64264434576034546,0.41003549098968506,-0.22715061902999878
5.2309384346008301,-0.36378395557403564,4.8081984519958496,0.3241879940032959
-0.082501180469989777,1.4792634248733521,0.38710501790046692,-0.59727215766906738
0.25655585527420044,0.77824407815933228,-0.2470199316740036,0.25869700312614441
-0.145838662981987,0.29334601759910583,-0.11508568376302719,0.73324364423751831
4.808988094329834,5.2277364730834961,-0.51773536205291748,0.2757587730884552
-0.15246383845806122,-0.29693970084190369,4.7020082473754883,4.9773011207580566
0.38333246111869812,0.32523930072784424,-1.0966647863388062,0.53890997171401978
5.4926390647888184,5.3989229202270508,-0.18990769982337952,-0.27377191185951233
6.4012875556945801,-0.073135621845722198,3.8476624488830566,-0.21953929960727692
4.4100155830383301,0.27713814377784729,5.09759521484375,-0.46436178684234619
-0.42447447776794434,-0.51819145679473877,1.683516263961792,0.19082330167293549
0.38648945093154907,0.70325690507888794,3.858853816986084,4.8981637954711914
5.9825992584228516,4.9460911750793457,-0.82395529747009277,0.033293738961219788
0.73598891496658325,-1.0967303514480591,-0.1762126237154007,1.1721185445785522
-0.28062337636947632,-0.27312353253364563,-0.53467321395874023,-0.38430771231651306
4.5930614471435547,5.1634035110473633,0.1416630744934082,-0.61442655324935913
1.0178413391113281,0.36456653475761414,1.0497837066650391,-1.0390350818634033
0.9257081151008606,-0.69346177577972412,0.78068083524703979,-1.1768720149993896
0.12871655821800232,0.034172199666500092,4.591270923614502,4.0511183738708496
6.0204129219055176,-0.060548640787601471,5.7167325019836426,1.1682264804840088
4.9952077865600586,4.7141656875610352,0.5105440616607666,0.51044440269470215
-0.49074020981788635,-0.57003092765808105,5.3333392143249512,5.5734710693359375
4.9696340560913086,4.1844468116760254,-0.53005802631378174,-0.9978145956993103
5.0479526519775391,5.1364603042602539,0.49460747838020325,0.3953557014465332
4.0642571449279785,-0.66521579027175903,5.4127483367919922,-0.68351125717163086
-0.10289877653121948,-0.47523859143257141,0.80146092176437378,-0.51924675703048706
-0.25116425752639771,0.46549811959266663,4.5146923065185547,4.9999008178710938
0.29477208852767944,-0.30900990962982178,-0.059680517762899399,0.35825541615486145
-0.31873705983161926,0.18611817061901093,-0.47860485315322876,-0.15460465848445892
0.2893320620059967,0.61613327264785767,-1.030600905418396,-0.19966764748096466
0.32177463173866272,0.12458708882331848,4.8127431869506836,4.6113748550415039
-0.16759452223777771,0.046703599393367767,5.2885308265686035,4.8471879959106445
4.9738955497741699,-0.36088386178016663,5.238919734954834,-1.5937727689743042
1.4289091825485229,-0.45870116353034973,-0.91971546411514282,-0.70129138231277466
5.9288187026977539,4.4808769226074219,0.7747378945350647,-0.10599477589130402
5.9328570365905762,5.2128114700317383,0.5529637336730957,1.2854959964752197
0.034866739064455032,-1.1172889471054077,4.5655488967895508,4.4686956405639648
4.4961328506469727,5.2517414093017578,0.34436026215553284,-0.5994335412979126
5.3426742553710938,-0.70616018772125244,3.9440548419952393,-0.21663579344749451
0.039628669619560242,0.10270407050848007,4.4518027305603027,3.4768722057342529
2.1507956981658936,0.75964152812957764,5.5059666633605957,5.2679166793823242
3.8408627510070801,5.3091368675231934,-0.25676733255386353,1.0763541460037231
-0.1216995045542717,-0.16329009830951691,-0.47155866026878357,1.0722123384475708
5.8902292251586914,0.1888597309589386,5.1087608337402344,-0.47226607799530029
-1.2591098546981812,-0.99401050806045532,-0.58940321207046509,0.11422773450613022
4.8442106246948242,-0.33159717917442322,3.9803447723388672,0.54393810033798218
5.2004408836364746,4.8387999534606934,0.096909321844577789,0.73779571056365967
-0.13178256154060364,-1.6085351705551147,-0.12302758544683456,0.52053380012512207
4.4409370422363281,6.0590410232543945,-0.11862523853778839,-0.81312751770019531
-0.073344133794307709,0.19713279604911804,5.4569182395935059,3.9771256446838379
5.8031172752380371,5.6288042068481445,-0.21699026226997375,0.21724821627140045
4.1910014152526855,4.9875411987304688,-0.17044627666473389,0.15912723541259766
5.8489012718200684,0.29030022025108337,4.1374726295471191,-0.96049970388412476
5.5484294891357422,6.144775390625,-1.1258487701416016,0.5056004524230957
4.2579870223999023,5.0162434577941895,-0.2796856164932251,0.46184661984443665
4.099543571472168,5.1869606971740723,-0.79605472087860107,-0.77613043785095215
0.020723210647702217,0.32691788673400879,5.0459861755371094,5.0501704216003418
5.1717796325683594,5.2285094261169434,-0.20703677833080292,0.071873463690280914
5.7117247581481934,0.38464498519897461,5.7229576110839844,-0.24591833353042603
4.9774703979492188,-0.14156785607337952,4.7006096839904785,0.65934276580810547
0.25222295522689819,-0.18704962730407715,4.7658977508544922,4.3738031387329102
5.7735481262207031,4.3060264587402344,-0.35132193565368652,0.026135249063372612
5.7024135589599609,4.7994341850280762,-0.16112527251243591,-0.49982360005378723
0.49565619230270386,-0.25005081295967102,4.8170261383056641,4.6780991554260254
5.1943502426147461,-0.34576490521430969,5.4003782272338867,0.49838823080062866
5.2285704612731934,5.3042068481445312,-0.80314040184020996,0.25622397661209106
5.7215719223022461,0.17651866376399994,5.1565179824829102,-0.17737139761447906
5.6613235473632812,-0.65004622936248779,4.8620548248291016,-0.66502922773361206
4.9630908966064453,4.7453818321228027,1.1249693632125854,0.047799065709114075
0.21875394880771637,0.15356355905532837,-0.95233094692230225,-0.54845362901687622
1.0155314207077026,0.20904555916786194,-0.76654696464538574,-0.35754859447479248
5.8828201293945312,5.068479061126709,-0.098846815526485443,-0.81929081678390503
4.4136514663696289,-0.36372506618499756,5.4935016632080078,-0.84862267971038818
5.8689208030700684,1.0055240392684937,5.2927050590515137,-1.1162410974502563
4.9484868049621582,5.2750105857849121,-0.38656634092330933,-0.21409717202186584
-0.94426190853118896,-0.36538437008857727,0.015129831619560719,-1.0135436058044434
5.7754855155944824,0.74633246660232544,3.8118293285369873,1.5214880704879761
0.050680652260780334,-0.25034412741661072,5.1821165084838867,5.0493793487548828
0.58022761344909668,1.0134541988372803,0.76389783620834351,-0.61914396286010742
6.1634678840637207,5.0180115699768066,0.014443675987422466,0.6958501935005188
5.647923469543457,4.3667645454406738,-0.25682482123374939,-0.12268318235874176
4.7878437042236328,5.2653164863586426,-0.72057461738586426,-0.109479159116745
4.9190459251403809,0.74068868160247803,4.6202387809753418,-0.38776981830596924
4.4077205657958984,4.5159239768981934,0.81312990188598633,-0.29368391633033752
-0.49302488565444946,-0.62256711721420288,4.7936663627624512,4.2180728912353516
5.2937183380126953,0.16880339384078979,4.6244659423828125,-0.12433690577745438
-0.17956647276878357,-1.1028528213500977,5.8204660415649414,4.3290395736694336
5.3949527740478516,4.8032140731811523,-1.0798159837722778,0.1511039137840271
0.49944573640823364,-0.34519883990287781,-0.188691645860672,0.9792182445526123
5.2180781364440918,0.39578375220298767,5.0443387031555176,0.25813966989517212
4.7608127593994141,3.8939330577850342,-0.4195837676525116,0.10100015997886658
-0.89875799417495728,-0.91372525691986084,-0.41955563426017761,0.66907429695129395
5.0687770843505859,4.8405904769897461,0.18776383996009827,0.1520359069108963
-0.62268996238708496,-0.53468209505081177,0.36910209059715271,-0.92833864688873291
0.38758730888366699,0.22497285902500153,0.095889724791049957,0.52343988418579102
0.46370723843574524,-0.16214825212955475,-0.027268694713711739,-0.47508451342582703
0.18960849940776825,-0.34271523356437683,4.4909882545471191,4.6768364906311035
4.3771324157714844,5.8705248832702637,0.36272379755973816,-0.34919536113739014
4.5469174385070801,3.7577536106109619,-0.56039679050445557,-0.29091843962669373
4.7050971984863281,1.4371002912521362,4.9262824058532715,-0.60136675834655762
5.0883355140686035,5.1381497383117676,0.29950252175331116,0.44940185546875
1.4139018058776855,-0.43613585829734802,-0.62797236442565918,0.39413896203041077
-0.55240124464035034,-0.66266798973083496,0.1464993804693222,-0.16429693996906281
-1.2941086292266846,-0.63972634077072144,4.8560910224914551,4.5446572303771973
4.927760124206543,5.4292888641357422,0.53550463914871216,0.23611453175544739
4.4964532852172852,5.6096138954162598,0.91337484121322632,0.13131687045097351
-1.3034639358520508,-0.41940480470657349,4.1912131309509277,5.289851188659668
-0.52458477020263672,0.67096513509750366,5.4322514533996582,5.3974575996398926
-0.22414760291576385,0.13559836149215698,0.02087123692035675,-0.10702770948410034
-0.66131860017776489,-0.37555855512619019,5.0382132530212402,5.1887989044189453
5.4293961524963379,0.79856222867965698,5.6589932441711426,-0.57393413782119751
5.5445842742919922,5.4530959129333496,0.31617450714111328,0.83851355314254761
4.805117130279541,-0.74426841735839844,4.9655427932739258,0.44801682233810425
-0.88895153999328613,0.50497925281524658,-0.17634829878807068,1.1593729257583618
0.35650268197059631,0.80222821235656738,4.8146681785583496,4.1032881736755371
-0.51292479038238525,-0.12758404016494751,4.9494032859802246,6.0339961051940918
4.502049446105957,4.6450724601745605,-0.45703977346420288,-0.44054064154624939
5.0894641876220703,0.47939065098762512,5.723475456237793,-0.50828373432159424
4.4143123626708984,0.92946493625640869,5.322425365447998,-0.15438835322856903
4.8231892585754395,-0.26993158459663391,5.4015035629272461,-1.277204155921936
-0.46258494257926941,0.26224082708358765,5.10321044921875,5.1098952293395996
0.2353702187538147,1.0857113599777222,0.12461727112531662,-0.15569692850112915
-0.50778353214263916,-0.14567187428474426,0.077464230358600616,0.59511089324951172
-0.50625598430633545,-0.21711625158786774,0.73217481374740601,-0.15151582658290863
4.4228668212890625,4.5965394973754883,-0.23306484520435333,0.89611232280731201
0.0066297920420765877,-0.64960229396820068,-0.65133869647979736,-0.53717267513275146
0.72896939516067505,-0.81375116109848022,5.3674840927124023,5.578183650970459
4.4666728973388672,5.3559689521789551,0.48938721418380737,1.2403874397277832
5.1308608055114746,-0.17522135376930237,4.2022333145141602,0.37728410959243774
-0.39367020130157471,-0.84835910797119141,5.5156445503234863,5.1222019195556641
-0.65310949087142944,0.30765551328659058,-0.24741636216640472,-0.023247132077813148
0.65467852354049683,-0.36271491646766663,-0.1131586879491806,-0.27428030967712402
4.6584634780883789,-1.0280282497406006,5.3633012771606445,0.057405661791563034
0.97248607873916626,-0.39992436766624451,-0.019729785621166229,-0.68049317598342896
-0.41219305992126465,-0.64160972833633423,0.92234063148498535,1.6912343502044678
0.39419803023338318,-0.048029631376266479,0.62040531635284424,-0.029589055106043816
5.6664152145385742,0.44894841313362122,4.1346864700317383,-0.42442938685417175
6.2844324111938477,5.595372200012207,0.1681397557258606,-0.47715288400650024
-0.49858307838439941,0.29220318794250488,5.1190142631530762,5.5553126335144043
5.0458436012268066,-0.46414470672607422,4.649543285369873,-0.18266166746616364
0.56149464845657349,0.29056763648986816,6.2444977760314941,5.8770279884338379
4.6989998817443848,-0.64779084920883179,3.5237247943878174,0.7838861346244812
0.35691207647323608,0.42585399746894836,4.4598827362060547,5.5295953750610352
-0.25839069485664368,-0.098402194678783417,0.51888805627822876,0.13045811653137207
-0.68000340461730957,-0.24387280642986298,-0.69894355535507202,-0.53932410478591919
3.6576969623565674,0.36764302849769592,4.2279801368713379,0.19800980389118195
0.30878373980522156,0.2129615843296051,-0.56523865461349487,-0.33561527729034424
4.7948555946350098,3.8458888530731201,-0.24677249789237976,-0.71429330110549927
1.030726432800293,-1.1917794942855835,4.5492172241210938,5.7485575675964355
4.3301734924316406,1.2389423847198486,5.2370195388793945,-1.1682326793670654
-0.29308778047561646,0.11175651103258133,4.008512020111084,6.6608214378356934
0.48439937829971313,0.81128734350204468,1.2087638378143311,-0.22810272872447968
-0.15660524368286133,0.85432308912277222,5.2373142242431641,5.0032463073730469
5.2928357124328613,-0.041049182415008545,5.0255880355834961,1.4532463550567627
5.8116703033447266,4.2187185287475586,-0.75013887882232666,0.43069913983345032
1.3060894012451172,-0.85563421249389648,5.4423084259033203,4.9006009101867676
5.0308322906494141,-1.4453049898147583,5.0198564529418945,-0.70415264368057251
4.4971427917480469,5.943967342376709,-0.25400391221046448,-0.50721120834350586
-0.65076899528503418,-0.044127773493528366,4.925717830657959,5.1445455551147461
-0.32791966199874878,0.52359950542449951,4.6171245574951172,5.2423830032348633
-0.25590583682060242,-0.12294234335422516,-0.78093051910400391,-0.79786461591720581
-0.72659856081008911,0.75671517848968506,0.24221581220626831,0.31625673174858093
0.35867580771446228,0.17897486686706543,1.0383545160293579,-0.22301270067691803
0.85433745384216309,0.18553653359413147,5.292391300201416,4.9051933288574219
4.7340207099914551,4.8363251686096191,-0.44012436270713806,0.29329365491867065
-0.62420010566711426,-0.052790511399507523,-1.2693803310394287,-0.52108579874038696
-0.76433825492858887,0.55552846193313599,5.5414619445800781,4.4756460189819336
5.4620909690856934,-1.6202837228775024,4.262812614440918,0.21231116354465485
5.018913745880127,-0.51330304145812988,5.1508026123046875,1.0483239889144897
-1.1429128646850586,-0.66242146492004395,5.252650260925293,5.5589509010314941
-0.074253104627132416,-0.23592762649059296,0.23625674843788147,-1.226038932800293
0.00019702632562257349,-0.60317319631576538,0.34444236755371094,-0.82554620504379272
4.4937329292297363,0.40928277373313904,5.4131174087524414,0.51195472478866577
-0.73280000686645508,0.7640267014503479,-0.66959524154663086,-0.55770415067672729
4.7282085418701172,0.55622953176498413,4.2128028869628906,1.0885533094406128
4.5786080360412598,5.6513099670410156,-1.16656494140625,-0.33075177669525146
4.5953717231750488,0.51048564910888672,4.9025139808654785,0.066113114356994629
-1.3818138837814331,0.51972794532775879,0.61633312702178955,0.47104397416114807
-0.089599743485450745,-0.59077537059783936,0.62733817100524902,-0.11279384046792984
5.5692138671875,3.9276096820831299,-0.43707066774368286,0.28041237592697144
0.69381749629974365,1.2882117033004761,4.8241429328918457,5.0559272766113281
1.2446115016937256,-0.36530444025993347,-0.98519402742385864,-0.41346362233161926
5.1591739654541016,6.0092592239379883,-1.042428731918335,-0.30311468243598938
4.368797779083252,4.0280094146728516,-0.60736709833145142,-0.5159229040145874
5.3014054298400879,4.9065227508544922,0.40347212553024292,0.054722730070352554
5.6599068641662598,4.9218883514404297,-0.23514851927757263,-0.039923060685396194
6.1319026947021484,0.10077264159917831,5.7229518890380859,-0.43697163462638855
0.48675209283828735,-0.57242482900619507,5.2125649452209473,4.9035806655883789
5.8509464263916016,4.8083863258361816,1.2568061351776123,0.39329087734222412
0.26350194215774536,0.48651024699211121,4.2761368751525879,5.1584815979003906
4.2334990501403809,4.9654679298400879,-0.93614161014556885,0.37046271562576294
-0.51682394742965698,-0.34096413850784302,0.40404164791107178,0.016598828136920929
1.13219153881073,-0.27840730547904968,-0.25604856014251709,0.39960572123527527
0.42245239019393921,1.4977614879608154,4.2981934547424316,4.0384230613708496
-0.40063232183456421,-0.40892386436462402,4.0597362518310547,4.7515764236450195
-0.42342859506607056,0.38341459631919861,-0.4900134801864624,-0.14908790588378906
4.4475688934326172,5.7700238227844238,-0.035132169723510742,0.0083428369835019112
0.089083977043628693,-0.64151167869567871,0.50879836082458496,-0.96080821752548218
4.8499894142150879,4.7802419662475586,0.31280466914176941,0.84771305322647095
-0.56506139039993286,0.24899742007255554,-0.048588097095489502,0.57780289649963379
5.7285194396972656,5.7290682792663574,0.040622532367706299,0.096395060420036316
5.0111398696899414,0.68211853504180908,4.7675275802612305,0.58749473094940186
0.45469900965690613,-0.040073156356811523,-0.010337235406041145,-0.086547106504440308
-0.22803762555122375,0.21856202185153961,5.5319705009460449,5.4286832809448242
5.1049690246582031,0.11682784557342529,4.4499392509460449,0.51964813470840454
5.6201138496398926,5.1589617729187012,-0.75044703483581543,0.59077763557434082
0.40543439984321594,-0.11349275708198547,4.5197100639343262,4.8738727569580078
5.5647687911987305,3.8854846954345703,-0.15669152140617371,-0.094859078526496887
3.9040219783782959,4.8365249633789062,-0.053091548383235931,0.92229694128036499
5.1063227653503418,5.1728405952453613,0.30631276965141296,-0.79983633756637573
4.8849153518676758,0.22887305915355682,4.3333020210266113,0.4286591112613678
4.6098809242248535,-0.017855720594525337,4.8310508728027344,0.51770484447479248
-0.3364177942276001,0.24528743326663971,4.5079689025878906,3.8955109119415283
1.0054594278335571,-0.14741253852844238,-0.62719887495040894,-0.14502348005771637
0.25832074880599976,-1.0379112958908081,6.1677618026733398,5.9171657562255859
-0.086763970553874969,-0.11240037530660629,-0.35392960906028748,0.06011967733502388
0.56341540813446045,-0.078072056174278259,5.4041757583618164,4.7818851470947266
4.6727018356323242,3.5734906196594238,-0.94452488422393799,-0.44610947370529175
0.083310216665267944,0.54737651348114014,0.51664090156555176,-0.22991229593753815
5.8681173324584961,4.3369302749633789,-1.0509724617004395,0.39762678742408752
4.8004231452941895,0.36749732494354248,6.2115664482116699,0.16989648342132568
4.5205063819885254,5.1453819274902344,-0.20462344586849213,0.35529929399490356
4.6710243225097656,4.4171724319458008,0.033922053873538971,-0.21297235786914825
-0.63047772645950317,0.14511740207672119,0.76134121417999268,-0.27346277236938477
0.15159749984741211,0.76547437906265259,5.6340084075927734,4.4395866394042969
5.1967172622680664,0.11026785522699356,4.3742275238037109,0.26615095138549805
5.5134034156799316,4.8270392417907715,-0.45971497893333435,0.67078220844268799
6.0810575485229492,5.0239276885986328,0.51002174615859985,-0.1237059161067009
0.84314447641372681,-0.18980388343334198,-0.38156822323799133,0.58364355564117432
-0.75047504901885986,-0.95110315084457397,4.6835150718688965,5.0041818618774414
1.199465274810791,0.096497945487499237,4.77459716796875,4.7316365242004395
5.0835671424865723,4.4454588890075684,-1.5066862106323242,0.37223690748214722
-0.23200146853923798,-0.94613617658615112,5.4870510101318359,4.1908574104309082
1.1133813858032227,-1.1664901971817017,0.16470076143741608,-0.47999942302703857
0.25731322169303894,-0.22722223401069641,5.1267695426940918,5.6980390548706055
1.0384740829467773,0.38062098622322083,5.7103767395019531,5.3681521415710449
4.9738860130310059,-0.91248935461044312,4.0420107841491699,0.10576311498880386
-0.43865147233009338,-0.44186711311340332,0.72267985343933105,-0.14173868298530579
3.8204214572906494,0.26875129342079163,5.3559598922729492,0.14031831920146942
5.676119327545166,4.2272710800170898,1.1946697235107422,-1.370011568069458
4.4671492576599121,5.9026780128479004,0.35944622755050659,-0.4248996376991272
0.52281558513641357,-0.48796916007995605,-0.63275825977325439,-0.44308814406394958
5.0719361305236816,4.7189640998840332,-1.0935637950897217,0.026171695441007614
0.28346097469329834,0.72417855262756348,4.5619897842407227,5.4256134033203125
0.75998395681381226,0.32518374919891357,-0.0084092887118458748,-0.8558695912361145
4.7088103294372559,5.5133137702941895,-0.66582578420639038,-0.28383940458297729
-0.2769201397895813,-0.68988144397735596,4.2598376274108887,4.549400806427002
-0.13905499875545502,0.63801395893096924,0.55910491943359375,0.026679497212171555
5.6362123489379883,-0.0045898184180259705,5.1675276756286621,0.0095980493351817131
-0.2848714292049408,0.28973010182380676,0.037423975765705109,-0.64470171928405762
4.8946938514709473,5.0153875350952148,-0.33146819472312927,-0.75229406356811523
0.47779470682144165,-0.1067170724272728,5.3645930290222168,4.9959678649902344
0.46724718809127808,1.2691686153411865,1.5694661140441895,0.58029097318649292
5.4780817031860352,4.1946330070495605,-1.8486528396606445,-0.36926156282424927
5.0294308662414551,0.85749936103820801,4.7831673622131348,0.95986241102218628
5.4575676918029785,4.7978568077087402,0.39948400855064392,-0.14001558721065521
0.17159584164619446,-0.44284045696258545,4.9692296981811523,4.3689613342285156
-0.37968900799751282,0.41539803147315979,5.223663330078125,4.610224723815918
6.0826306343078613,4.7524933815002441,-0.79369926452636719,-0.038540009409189224
3.8821933269500732,0.54757213592529297,4.823030948638916,-0.002810770645737648
0.50731700658798218,-0.57490366697311401,-0.94603425264358521,0.47567975521087646
0.2050006091594696,-0.64317893981933594,4.8999671936035156,5.2203712463378906
5.0136666297912598,5.7638154029846191,-0.13071684539318085,-0.23860025405883789
-0.36684000492095947,0.44453474879264832,0.12074554711580276,0.79912400245666504
-0.15631605684757233,-0.10062672197818756,0.57799673080444336,0.45034971833229065
1.083402156829834,0.30226132273674011,-0.49742159247398376,-0.16900064051151276
4.941800594329834,5.0327105522155762,0.92605239152908325,-0.4116578996181488
-0.23069201409816742,0.046127095818519592,6.0759444236755371,5.6399807929992676
4.4729828834533691,4.7075247764587402,-0.59081852436065674,0.24718689918518066
-0.29734709858894348,0.16194772720336914,4.4752120971679688,5.4121823310852051
4.9494247436523438,4.9281187057495117,-0.20423725247383118,0.0044553759507834911
-0.81463325023651123,0.76604992151260376,4.7745180130004883,5.9948296546936035
0.68561869859695435,-1.0102435350418091,5.8287596702575684,4.9360408782958984
5.0586962699890137,0.39649024605751038,5.9816384315490723,0.14366684854030609
5.8790125846862793,-0.33514997363090515,5.5200848579406738,-0.56946790218353271
5.594261646270752,-0.32771697640419006,4.2405433654785156,-0.26958915591239929
0.84863203763961792,-0.030093176290392876,-0.0683731809258461,0.051694512367248535
4.1984615325927734,0.83415424823760986,4.6973915100097656,-0.31941908597946167
5.347750186920166,4.1450943946838379,1.4727662801742554,0.76805835962295532
4.7829074859619141,-0.54461407661437988,5.0730996131896973,0.27613648772239685
-0.028111469000577927,-0.13272291421890259,0.72796744108200073,0.56906938552856445
4.6403136253356934,0.10362008959054947,4.4126272201538086,-1.09548020362854
0.12906269729137421,0.11606220901012421,5.9216537475585938,4.1688013076782227
5.0561790466308594,6.1812219619750977,0.60720616579055786,-1.1361693143844604
-1.2719006538391113,0.1354869157075882,0.068548701703548431,0.32537481188774109
0.51146584749221802,-0.041511625051498413,5.2724370956420898,5.9308366775512695
5.0926246643066406,5.1076807975769043,-0.62587910890579224,-1.2410233020782471
4.4168829917907715,-0.53944253921508789,4.6514577865600586,0.13200603425502777
-0.66085672378540039,0.44216597080230713,-0.084050111472606659,0.64243191480636597
-0.41414692997932434,-0.44715005159378052,0.53056377172470093,0.65337789058685303
4.0498189926147461,-0.55705714225769043,5.4095005989074707,0.72273576259613037
0.082659639418125153,0.25751757621765137,0.19254012405872345,0.11120747029781342
5.9014062881469727,0.33628165721893311,4.2972760200500488,-0.54738432168960571
5.1157288551330566,4.0537047386169434,-0.32886901497840881,0.35899034142494202
5.3162927627563477,5.8066606521606445,-0.63674813508987427,-0.15491783618927002
4.1100764274597168,-1.2141931056976318,4.7600178718566895,-0.77677661180496216
4.076479434967041,0.61025923490524292,4.1951899528503418,-0.0048830793239176273
-0.53785973787307739,0.04000554233789444,-0.67524141073226929,-0.13333719968795776
0.43264198303222656,0.70619159936904907,4.8294200897216797,4.7371716499328613
4.4692988395690918,0.3433246910572052,3.6304714679718018,0.84640777111053467
0.33515912294387817,0.88745629787445068,-0.1751515120267868,-1.1952807903289795
-0.13124249875545502,-0.000654605682939291,4.679349422454834,5.1859130859375
5.2301740646362305,0.51297402381896973,4.9484291076660156,1.7286667823791504
4.3765277862548828,4.3372282981872559,-1.2767940759658813,0.38389655947685242
-0.56939536333084106,-0.06491754949092865,5.2525181770324707,5.875554084777832
-0.062496572732925415,0.84538114070892334,0.82829630374908447,-0.10041133314371109
4.8747735023498535,5.4248371124267578,-1.0250270366668701,0.12969851493835449
3.9267618656158447,4.1061582565307617,-0.87433308362960815,-0.037938237190246582
5.3222508430480957,4.6396331787109375,0.96205157041549683,-0.35317638516426086
3.8301823139190674,5.0767927169799805,0.11095093935728073,1.4957635402679443
4.750859260559082,-0.52138549089431763,4.7493691444396973,-0.86477941274642944
0.033077802509069443,-0.46231928467750549,5.7122936248779297,4.4112858772277832
-0.42119982838630676,1.0161796808242798,-0.82673251628875732,-0.29927369952201843
-0.84230339527130127,-0.64424771070480347,5.7019424438476562,5.0941390991210938
-0.23929436504840851,0.13077554106712341,-0.87992674112319946,1.0896862745285034
4.9337468147277832,0.50594907999038696,6.0419678688049316,0.49988162517547607
-0.55444705486297607,0.12416141480207443,4.738555908203125,4.6685914993286133
-0.81434577703475952,-0.10668875277042389,0.24480409920215607,-0.5607370138168335
4.2832374572753906,5.3998122215270996,1.1412477493286133,-0.36096867918968201
4.6829071044921875,4.7091388702392578,-0.16363441944122314,0.17080707848072052
-0.27157613635063171,0.94777846336364746,5.0600705146789551,5.4081034660339355
0.85169112682342529,-0.3503282368183136,3.6232879161834717,4.796623706817627
4.2285914421081543,-0.69725167751312256,4.8618044853210449,-1.5699265003204346
5.2286891937255859,3.001558780670166,0.40541505813598633,-0.98789685964584351
-0.25048115849494934,0.16575628519058228,0.36001878976821899,-0.22752214968204498
5.0557169914245605,-0.60631638765335083,4.5991759300231934,0.1001414880156517
4.6018490791320801,5.0313100814819336,-0.67857527732849121,0.69378668069839478
0.48169642686843872,-0.93664145469665527,-0.022496525198221207,0.062356967478990555
-1.0218496322631836,0.58304035663604736,6.1985578536987305,5.6371488571166992
0.092344246804714203,-0.13577507436275482,5.2502961158752441,5.4926548004150391
5.0156455039978027,5.6680521965026855,-0.47653853893280029,0.4421728253364563
0.6335180401802063,0.30874082446098328,5.8074197769165039,5.4063010215759277
-0.13468027114868164,0.56261855363845825,5.5934305191040039,4.7864665985107422
5.2979578971862793,5.3347616195678711,-0.097549475729465485,-0.25867396593093872
0.23978036642074585,0.12660767138004303,-0.35528963804244995,0.32976412773132324
4.6118521690368652,0.90995109081268311,4.496941089630127,-0.75427621603012085
4.949742317199707,4.7400603294372559,0.34475666284561157,0.71583420038223267
4.9198274612426758,4.2212948799133301,0.71166121959686279,0.44006797671318054
0.67176228761672974,1.2135176658630371,4.8291220664978027,5.133265495300293
0.14353258907794952,-0.16846282780170441,-1.142809271812439,-0.21468986570835114
5.1743612289428711,5.5719432830810547,0.22009241580963135,0.47050532698631287
1.406160831451416,-0.18379974365234375,5.1962413787841797,4.8043665885925293
5.2497787475585938,5.1549572944641113,-1.089903712272644,0.21927131712436676
0.21748864650726318,0.31591945886611938,1.1938158273696899,-0.38787508010864258
5.3190097808837891,3.8695025444030762,-0.62246912717819214,-0.39473715424537659
5.9288253784179688,5.1985683441162109,-1.0825313329696655,0.25613686442375183
0.57689297199249268,-0.56615531444549561,-1.0265238285064697,0.23015274107456207
0.20306169986724854,1.1421927213668823,-0.55216622352600098,0.38549914956092834
4.6334280967712402,5.4087424278259277,-0.61581325531005859,-0.13368074595928192
0.2142312228679657,0.7330513596534729,5.4540119171142578,4.8638286590576172
0.08490520715713501,-0.16653813421726227,5.2878217697143555,5.8267674446105957
3.8982253074645996,5.0501599311828613,-0.42968454957008362,-0.067925244569778442
4.0753812789916992,0.1993580162525177,4.4875888824462891,0.31935176253318787
3.923370361328125,5.2278170585632324,-1.075710654258728,-0.4252413809299469
5.8487091064453125,4.4250755310058594,0.10989519953727722,-1.0650345087051392
5.3710026741027832,-0.13643340766429901,4.3651041984558105,0.47977524995803833
-1.4102731943130493,-0.73496758937835693,0.46466523408889771,-0.21901208162307739
5.2802190780639648,5.8809032440185547,-0.41680839657783508,0.27630060911178589
0.038299161940813065,-0.13592907786369324,0.49656000733375549,0.47045493125915527
-0.15375626087188721,0.42265084385871887,4.2775712013244629,4.7557468414306641
-0.44671320915222168,-0.087716296315193176,-0.62160652875900269,-0.57464247941970825
4.2385849952697754,5.4615683555603027,-0.1498541384935379,0.16920684278011322
5.5175766944885254,0.21914155781269073,5.3660426139831543,-0.31651574373245239
4.653839111328125,5.6278014183044434,0.3089996874332428,-0.3304714560508728
-0.079360410571098328,0.54584568738937378,4.6761980056762695,5.1876101493835449
5.3520970344543457,0.2908903956413269,4.4150934219360352,-0.070288240909576416
0.32100015878677368,-0.23954963684082031,5.4108386039733887,5.6072783470153809
4.7639541625976562,4.7329697608947754,-0.057613439857959747,-0.46940341591835022
4.6756343841552734,0.33702701330184937,5.3610744476318359,-0.10487798601388931
0.15567055344581604,-0.47850453853607178,1.1834805011749268,1.2167437076568604
4.2930326461791992,5.6956419944763184,0.084095612168312073,-0.84439152479171753
5.183682918548584,5.3776106834411621,0.83127504587173462,-0.83614623546600342
0.10408873856067657,0.29638209939002991,4.3029546737670898,4.6342825889587402
0.15034684538841248,0.042733460664749146,4.9655284881591797,4.8233141899108887
-0.16675442457199097,0.58217400312423706,-0.14942124485969543,0.27843150496482849
3.9651584625244141,5.1860213279724121,-0.9144972562789917,-0.92223471403121948
3.7959771156311035,4.9162707328796387,0.27815461158752441,0.59169250726699829
-0.7750849723815918,-0.19578668475151062,-0.71257245540618896,0.37813329696655273
5.2195029258728027,-0.071285702288150787,5.2964386940002441,0.034406285732984543
-0.091321952641010284,0.53613531589508057,4.5238685607910156,4.7710366249084473
4.5595436096191406,5.1266689300537109,-0.33016419410705566,-0.37991204857826233
-0.46918323636054993,-0.2932678759098053,4.7730097770690918,4.9592523574829102
0.33094021677970886,-0.13222315907478333,-0.87792277336120605,1.1531573534011841
4.0334954261779785,3.6222524642944336,0.62789815664291382,0.13791754841804504
5.4489059448242188,0.16614736616611481,4.697089672088623,0.130247563123703
5.2695775032043457,5.58428955078125,0.53623294830322266,-1.2998694181442261
-0.52203750610351562,-0.68195652961730957,4.8904218673706055,5.3474588394165039
-0.058648757636547089,0.057649280875921249,-0.10358043760061264,-0.35130342841148376
0.53586012125015259,-0.29120984673500061,-0.68379521369934082,-0.016338106244802475
5.810549259185791,4.5269603729248047,0.33112642168998718,-0.079368464648723602
0.89338225126266479,0.052703913301229477,0.033582773059606552,-0.36857110261917114
5.2226405143737793,-0.44540756940841675,4.7221555709838867,0.6667630672454834
4.8713159561157227,4.9535861015319824,0.47237434983253479,0.71289288997650146
0.27329674363136292,0.79396367073059082,0.22629643976688385,-0.11648300290107727
-0.15486666560173035,-1.0208771228790283,5.0377063751220703,4.2364258766174316
-0.60175424814224243,-0.4040868878364563,0.011237406171858311,-0.45831876993179321
5.5064859390258789,-0.25782403349876404,5.6806731224060059,1.1653556823730469
0.41679525375366211,0.74872130155563354,4.9349989891052246,4.2564034461975098
0.75660222768783569,0.53032797574996948,6.2145309448242188,5.0293660163879395
0.9999355673789978,-0.034735169261693954,0.27801436185836792,-0.42567652463912964
5.8831148147583008,4.2636055946350098,-0.13122087717056274,-0.6567036509513855
0.47358942031860352,0.16512197256088257,0.66815698146820068,0.37404537200927734
-0.021872563287615776,0.061359435319900513,4.1278228759765625,5.2650995254516602
-0.054769966751337051,0.30106812715530396,0.74390494823455811,-0.040316890925168991
4.7522821426391602,5.0013799667358398,-1.196331262588501,0.78773772716522217
4.5313634872436523,4.1583185195922852,0.57573091983795166,0.19909417629241943
4.7659444808959961,-0.17247030138969421,5.7761483192443848,0.17487792670726776
5.3683023452758789,5.9010272026062012,-1.0048896074295044,0.91905373334884644
0.23080621659755707,-1.0024489164352417,4.7942709922790527,5.9064979553222656
4.2766060829162598,0.090738758444786072,4.3830971717834473,-1.3570672273635864
0.71871072053909302,0.95257216691970825,0.014044807292521,-0.50836217403411865
0.77468478679656982,-0.27193811535835266,-0.4364573061466217,0.58524352312088013
5.8898429870605469,0.30297723412513733,4.6978316307067871,0.74494093656539917
-0.73415714502334595,-0.28834378719329834,-0.5511283278465271,-0.16362982988357544
-0.24790477752685547,0.24635916948318481,5.6030406951904297,6.0847153663635254
4.7542514801025391,4.2001371383666992,0.4883168637752533,0.51355332136154175
4.7293009757995605,4.627324104309082,0.30862787365913391,0.18332803249359131
-0.33881938457489014,0.64144086837768555,5.1212053298950195,5.0311155319213867
-0.33600619435310364,1.3720297813415527,5.2168703079223633,5.4634394645690918
-0.58233481645584106,-0.25515329837799072,4.812995433807373,4.1846508979797363
4.6623058319091797,5.2246899604797363,1.3888901472091675,-0.1943352073431015
4.8007779121398926,5.7282743453979492,0.061723135411739349,-0.85263848304748535
0.11619006842374802,-0.13453270494937897,0.37692287564277649,-0.47082167863845825
5.3633856773376465,0.087339900434017181,5.430933952331543,0.029146332293748856
0.57472413778305054,0.454082190990448,5.4865932464599609,5.7228207588195801
4.5195088386535645,-1.4298033714294434,5.7904033660888672,-0.37734740972518921
0.025529192760586739,0.37633726000785828,-0.15788163244724274,0.35112950205802917
1.4014204740524292,-0.52169191837310791,-1.1236015558242798,-0.24170345067977905
4.7228794097900391,5.0652341842651367,1.3398113250732422,0.56068015098571777
0.4442579448223114,-0.19331866502761841,-0.20170564949512482,0.26278784871101379
4.5809931755065918,4.9540972709655762,-0.15497621893882751,-0.06640181690454483
5.63922119140625,0.55295014381408691,5.9179081916809082,-0.68857491016387939
0.32731008529663086,0.19320197403430939,5.2864112854003906,5.1830563545227051
-0.550925612449646,-0.30746352672576904,-0.72736251354217529,0.58259624242782593
5.615114688873291,0.06854817271232605,5.1607174873352051,-1.2628676891326904
0.67544305324554443,0.53838151693344116,4.0846877098083496,4.2108554840087891
5.5296802520751953,0.31719711422920227,4.863581657409668,-0.26282605528831482
3.3391528129577637,4.1255283355712891,-1.3034274578094482,1.2141599655151367
5.0862960815429688,-1.7730467319488525,5.2782917022705078,-0.29223883152008057
5.9119300842285156,5.2275247573852539,-0.95876133441925049,-0.2127697765827179
4.8972101211547852,4.7811489105224609,-0.72559022903442383,-0.020182179287075996
-0.39488700032234192,0.24302650988101959,3.8733108043670654,5.4525504112243652
-0.092576764523983002,0.18825212121009827,5.395540714263916,4.5415639877319336
-1.429823637008667,-0.28000891208648682,4.2863974571228027,4.9856700897216797
4.3170218467712402,5.2238636016845703,-0.94205862283706665,-0.66360801458358765
-0.052353318780660629,0.34620976448059082,-1.5156847238540649,0.91800868511199951
0.50119602680206299,0.57845431566238403,5.7843995094299316,5.6210331916809082
5.1272664070129395,5.0600056648254395,-0.25572845339775085,0.26334980130195618
5.3848075866699219,-0.52467256784439087,4.3212413787841797,0.026805337518453598
4.3807392120361328,4.8807792663574219,-0.43705746531486511,-0.14153195917606354
0.89146238565444946,-0.74222350120544434,-1.048069953918457,-0.1757182776927948
5.7142858505249023,0.082514010369777679,5.8741464614868164,0.41693100333213806
0.37033602595329285,-0.86004316806793213,4.7073335647583008,4.6399707794189453
-0.10376299172639847,1.2690300941467285,-0.34637513756752014,0.21125532686710358
5.5169482231140137,3.8732273578643799,0.45406243205070496,0.49697014689445496
-0.37205156683921814,-0.073234550654888153,5.5885415077209473,5.7153472900390625
-0.52692782878875732,1.2145067453384399,0.44005998969078064,0.27153590321540833
-1.337157130241394,-0.65264779329299927,4.4845194816589355,4.9925417900085449
5.1159577369689941,4.4906721115112305,-0.94025075435638428,-0.37827640771865845
-1.3875939846038818,-1.2341247797012329,-0.46585306525230408,-0.07806764543056488
4.9853997230529785,4.0883169174194336,-0.10657089203596115,-0.42368412017822266
5.2648043632507324,4.3730916976928711,-0.21410825848579407,0.82227236032485962
0.47374606132507324,-0.95172923803329468,0.55141860246658325,0.14752465486526489
0.61309176683425903,0.22573782503604889,5.390779972076416,5.1371850967407227
0.36915668845176697,0.88352364301681519,-0.26710408926010132,0.95895695686340332
4.4842534065246582,4.4872336387634277,0.25351303815841675,1.0869698524475098
5.534449577331543,4.323307991027832,-0.0096710771322250366,-0.28375512361526489
5.0379648208618164,5.7015323638916016,0.011620115488767624,-0.032882492989301682
-1.1187965869903564,-0.88226956129074097,5.152550220489502,5.4346122741699219
-0.06788211315870285,0.20927047729492188,1.0086380243301392,-0.29893070459365845
-1.0700318813323975,0.46322652697563171,4.8882956504821777,5.4108171463012695
-0.63209426403045654,1.2320553064346313,-0.39291998744010925,0.40677890181541443
-0.37161281704902649,0.28071004152297974,4.1323108673095703,3.790205717086792
4.6478366851806641,-0.49777740240097046,4.9830808639526367,-0.087650865316390991
5.556185245513916,0.80791580677032471,6.1285839080810547,-0.81963986158370972
4.9607563018798828,4.0280723571777344,0.22988158464431763,0.70428997278213501
4.4377331733703613,5.3276786804199219,-0.16613063216209412,0.64637148380279541
4.6196842193603516,0.054653890430927277,5.7013840675354004,0.086654961109161377
-0.34513458609580994,-1.388279914855957,4.0633559226989746,5.2987704277038574
5.1129326820373535,-0.040796238929033279,4.1698389053344727,-0.6002887487411499
5.3237934112548828,0.23889197409152985,5.9409880638122559,-0.18113493919372559
-0.25253045558929443,0.0097126904875040054,-0.070973142981529236,-0.16315393149852753
-0.20367993414402008,0.92520385980606079,5.608487606048584,5.1173019409179688
5.3108482360839844,-0.27064269781112671,4.9928550720214844,-0.15136593580245972
4.4783673286437988,-0.83236128091812134,5.5947237014770508,0.62549525499343872
4.903597354888916,-0.16981031000614166,6.5415420532226562,-0.17052273452281952
4.9144301414489746,0.10400671511888504,5.7456116676330566,0.7515566349029541
-0.45912659168243408,-1.4194918870925903,4.3379631042480469,5.0697894096374512
-0.39588034152984619,-0.22933928668498993,4.7357616424560547,4.7360548973083496
4.815556526184082,0.38313600420951843,4.5155749320983887,0.13506713509559631
4.4708433151245117,-0.056206934154033661,4.5292115211486816,-0.10404022037982941
-0.057207096368074417,0.35546442866325378,0.56455641984939575,-0.18918637931346893
-0.76558160781860352,0.92229717969894409,5.1899356842041016,4.2913155555725098
0.2253509908914566,-1.0948696136474609,5.9246482849121094,4.2066769599914551
4.7184619903564453,5.8520517349243164,0.60460251569747925,-0.65508151054382324
0.47935992479324341,0.43463543057441711,-0.32086589932441711,-0.048545349389314651
5.2557730674743652,5.8315644264221191,0.27953141927719116,0.86639833450317383
-0.30727919936180115,0.40363216400146484,5.9051876068115234,4.8929738998413086
-0.20850932598114014,0.054780114442110062,5.0872812271118164,5.1486606597900391
0.36563563346862793,1.1417942047119141,-0.22571627795696259,-0.17169861495494843
0.44127857685089111,-0.12519903481006622,-0.63941699266433716,0.34279936552047729
5.2860250473022461,3.8027381896972656,0.57825666666030884,0.20730979740619659
0.19697146117687225,0.031012654304504395,5.7395029067993164,5.4629764556884766
3.9312396049499512,3.8360459804534912,-0.094291597604751587,-0.14908762276172638
5.0716376304626465,0.8382110595703125,5.2601704597473145,0.80491292476654053
-0.85097724199295044,-0.86210644245147705,0.38763454556465149,-0.47850161790847778
5.0456204414367676,0.71972548961639404,4.4013185501098633,0.55999243259429932
4.6034998893737793,4.5668597221374512,0.95420193672180176,0.12485570460557938
-0.063303627073764801,-0.21348637342453003,4.1343379020690918,5.7854099273681641
-0.70805156230926514,0.8921235203742981,0.25899142026901245,-0.37141045928001404
-0.098615512251853943,0.28652963042259216,5.3394379615783691,4.368527889251709
5.9116644859313965,4.1778655052185059,0.26234671473503113,-0.18359047174453735
1.0950990915298462,-0.10627137124538422,5.0653085708618164,5.7621269226074219
3.5068161487579346,4.8004646301269531,0.056931320577859879,0.63265657424926758
-0.99259334802627563,-0.53413140773773193,4.5513272285461426,4.7883486747741699
4.147486686706543,0.38442984223365784,4.7929344177246094,0.63418430089950562
-0.76577794551849365,1.5824109315872192,-0.11049232631921768,0.480558842420578
1.2474604845046997,-0.66041910648345947,-1.4181913137435913,-0.26696014404296875
0.60932159423828125,-0.12484217435121536,5.1822552680969238,4.4340033531188965
4.934232234954834,6.605675220489502,0.15433128178119659,-0.14096496999263763
0.58891135454177856,0.12564629316329956,4.6278142929077148,5.4656252861022949
6.3568081855773926,4.7931647300720215,0.74611765146255493,0.22606131434440613
5.3822541236877441,4.9972796440124512,-0.84335696697235107,0.9424285888671875
1.0653219223022461,-1.0011763572692871,-0.065157122910022736,-0.53207904100418091
-0.68850094079971313,-0.086764857172966003,0.79334288835525513,0.34935012459754944
4.3524065017700195,4.3491239547729492,0.65637034177780151,0.20466683804988861
5.6407699584960938,4.2522125244140625,1.5953130722045898,0.59787434339523315
5.5350518226623535,5.1326565742492676,0.55924898386001587,-0.14477385580539703
0.52205789089202881,-0.4458911120891571,5.0002574920654297,5.5808777809143066
5.2914576530456543,5.3039097785949707,-0.58771044015884399,-0.35827344655990601
-0.2826562225818634,0.26803302764892578,0.96014583110809326,-0.25676074624061584
5.5697779655456543,0.22251628339290619,4.3646478652954102,0.66701602935791016
6.1086363792419434,0.079069331288337708,4.971442699432373,0.26871234178543091
5.7442445755004883,0.31224122643470764,5.1442489624023438,-0.0449986532330513
-0.82848852872848511,-0.6668286919593811,0.0016753857489675283,0.42404943704605103
5.2848062515258789,4.2314743995666504,0.087856069207191467,0.74617946147918701
0.0074078147299587727,-0.4737323522567749,5.2597074508666992,5.110072135925293
0.052259963005781174,0.68150782585144043,0.080858707427978516,-0.55529540777206421
-0.10942091792821884,-0.024597086012363434,-0.31062555313110352,-0.02747173048555851
-0.75940215587615967,-0.097941286861896515,4.0561213493347168,3.9902589321136475
5.1987705230712891,-0.13348166644573212,4.9767723083496094,-1.4424045085906982
0.81103718280792236,0.061780888587236404,0.24806211888790131,-0.12583152949810028
5.9819393157958984,5.3142848014831543,0.090953126549720764,0.43189996480941772
5.2879595756530762,5.019343376159668,0.74712187051773071,0.5367627739906311
4.5582103729248047,5.5882778167724609,0.84285140037536621,-0.65890473127365112
-0.34980997443199158,0.75567233562469482,-0.485666424036026,-0.26887902617454529
4.633141040802002,0.64513921737670898,5.5488777160644531,-1.3128212690353394
5.3620100021362305,5.1058554649353027,-0.38094192743301392,-0.17795386910438538
-0.14145800471305847,0.8483625054359436,5.7982039451599121,5.371513843536377
6.7425298690795898,0.096582993865013123,5.5325393676757812,0.59005731344223022
-0.16097477078437805,0.13054054975509644,-0.26983973383903503,-0.39056664705276489
5.0888557434082031,0.075166992843151093,3.860487699508667,1.1860353946685791
-0.12407699227333069,0.43540447950363159,5.9511637687683105,4.8734750747680664
4.6144638061523438,-0.37841403484344482,4.9309229850769043,0.62606245279312134
0.50854307413101196,-0.4797038733959198,-0.35608619451522827,1.1498838663101196
-0.31654328107833862,0.97981613874435425,-0.36396551132202148,0.41694334149360657
5.0014224052429199,-0.81409925222396851,5.9938440322875977,-0.31728795170783997
-0.16912813484668732,0.77317827939987183,1.7034038305282593,-0.97891610860824585
-1.6970847845077515,-0.96831494569778442,0.32320073246955872,-0.44724157452583313
0.39055818319320679,1.0864583253860474,4.7248387336730957,4.1229610443115234
0.094655506312847137,-0.034573860466480255,0.70777410268783569,-0.090587861835956573
4.4879379272460938,6.449038028717041,0.36542505025863647,-0.21001650393009186
5.8178601264953613,5.2041440010070801,0.43564826250076294,1.2240085601806641
4.2422623634338379,-0.36499002575874329,5.3159694671630859,0.32493358850479126
3.9332320690155029,5.5256810188293457,0.010889469645917416,0.21057252585887909
-0.41215178370475769,0.15851140022277832,6.2141218185424805,4.7249383926391602
-0.7106013298034668,0.42444497346878052,-0.072627909481525421,0.46745288372039795
0.47380638122558594,0.15113162994384766,5.7729458808898926,3.41715407371521
5.0515780448913574,0.83163625001907349,5.0576505661010742,0.12357279658317566
-0.22203686833381653,0.57336854934692383,1.1436749696731567,-0.95723199844360352
5.0056018829345703,4.7615771293640137,-0.76526618003845215,-0.87548655271530151
-0.57063573598861694,0.14239637553691864,5.1760010719299316,5.6255989074707031
5.1090307235717773,0.98474758863449097,5.669187068939209,-0.45178303122520447
5.114203929901123,5.1170883178710938,0.12925267219543457,-0.23682191967964172
-0.043043263256549835,0.74695521593093872,5.1154537200927734,4.7325396537780762
-0.0017110260669142008,0.66395848989486694,4.9887003898620605,4.985041618347168
-0.66493135690689087,0.14442840218544006,5.6468968391418457,6.1278748512268066
0.5611150860786438,0.49673953652381897,1.054929256439209,0.39068847894668579
4.1084961891174316,4.6716303825378418,-0.43012583255767822,-0.30426862835884094
1.3371251821517944,-0.029149621725082397,5.3368363380432129,4.7622165679931641
5.9744811058044434,1.1613409519195557,6.2753987312316895,0.49596038460731506
5.3118586540222168,0.15215852856636047,4.4707627296447754,-0.98570138216018677
-0.81121718883514404,0.75173383951187134,5.3888731002807617,5.1716952323913574
0.25567430257797241,-0.25303354859352112,5.2037029266357422,5.6185250282287598
4.0020875930786133,3.573204517364502,0.64266866445541382,-0.65272068977355957
4.8380336761474609,-0.54149341583251953,4.5811705589294434,-0.13349330425262451
0.47447457909584045,-0.14265701174736023,5.2153019905090332,5.0590457916259766
5.5043649673461914,-0.73080360889434814,4.2955021858215332,-1.2832540273666382
0.019781690090894699,0.50647526979446411,4.8219718933105469,5.5564923286437988
-0.14289824664592743,-0.0050238138064742088,-0.049848742783069611,0.21929053962230682
5.1581315994262695,-0.57964706420898438,4.0798897743225098,-1.0484274625778198
-0.9550710916519165,0.64988356828689575,5.8483686447143555,4.2308259010314941
4.774259090423584,-0.19529241323471069,4.8690404891967773,-0.10239090770483017
6.0875163078308105,-0.69563668966293335,4.9051542282104492,-0.19404022395610809
3.9571402072906494,-0.066033899784088135,4.6978368759155273,-0.50381767749786377
5.9774665832519531,0.093796387314796448,5.0156559944152832,-0.83164823055267334
0.31686326861381531,1.4298825263977051,4.9037580490112305,5.6795544624328613
-0.21626651287078857,0.15921364724636078,-0.45679530501365662,0.11476333439350128
6.3425703048706055,-0.21965853869915009,4.1222896575927734,0.8545299768447876
-0.024119770154356956,-0.59412938356399536,5.5019216537475586,4.4387297630310059
1.1364752054214478,0.098605014383792877,0.6532433032989502,-0.12816183269023895
0.014882789924740791,-0.20024923980236053,5.2517471313476562,5.3009548187255859
5.3320550918579102,5.4967665672302246,0.55645245313644409,0.22595572471618652
-0.34461057186126709,0.16155906021595001,4.0489411354064941,5.2324342727661133
-0.55700218677520752,0.8731379508972168,-0.42553955316543579,0.09712710976600647
-1.200255274772644,0.13348168134689331,0.097235299646854401,-0.27765265107154846
-0.37324121594429016,-0.83562886714935303,4.8381867408752441,4.7248482704162598
5.4362874031066895,-0.5268406867980957,4.5748701095581055,0.13679465651512146
4.3386898040771484,-0.013112479820847511,4.3578672409057617,-0.33506029844284058
4.3043222427368164,5.3612866401672363,-0.12908849120140076,0.19184614717960358
-0.26334339380264282,1.4683552980422974,4.9983181953430176,3.8260133266448975
0.095480524003505707,0.39963531494140625,-0.74652338027954102,-0.45283153653144836
4.7032394409179688,5.3518171310424805,0.41564643383026123,0.027970457449555397
0.72742068767547607,-0.76083511114120483,4.6811552047729492,4.5312361717224121
5.1755795478820801,0.21513128280639648,5.8165440559387207,0.10178562253713608
4.9783744812011719,-0.78818428516387939,4.3971371650695801,1.1141370534896851
-0.66156965494155884,-0.34836846590042114,4.9767618179321289,5.9455761909484863
4.4386157989501953,5.5188593864440918,0.93442076444625854,-0.44969350099563599
5.2765026092529297,5.5725846290588379,-0.10784392803907394,-0.027958346530795097
-0.1994180828332901,-0.24888086318969727,5.3621616363525391,4.8314576148986816
0.66369795799255371,-0.33517095446586609,-0.63345783948898315,-0.46578177809715271
4.0197839736938477,-0.16216568648815155,5.4419112205505371,0.086909867823123932
0.201115682721138,1.1358716487884521,5.2374629974365234,5.0464639663696289
4.6852054595947266,-1.6181918382644653,5.2995858192443848,-0.28424367308616638
5.8780226707458496,-0.079368047416210175,5.0258617401123047,-0.36929148435592651
5.2563066482543945,0.66347110271453857,4.3151836395263672,0.099642962217330933
-0.6150779128074646,-0.097784310579299927,-1.0653125047683716,-0.25662720203399658
4.2151651382446289,4.2914185523986816,0.51737415790557861,-1.0694745779037476
5.137761116027832,5.390500545501709,0.82955408096313477,-0.11389069259166718
4.8157873153686523,5.5263996124267578,0.48513045907020569,-0.15567107498645782
4.9497003555297852,-0.73576736450195312,5.0110478401184082,-0.15524911880493164
-0.0994391068816185,-0.18791584670543671,-0.68585950136184692,-0.20149238407611847
0.3930075466632843,0.39545509219169617,-0.1867375522851944,-0.51321488618850708
-0.6449008584022522,-0.46453142166137695,5.1681780815124512,4.4913730621337891
2.0825457572937012,-0.024938123300671577,6.3739428520202637,4.0250868797302246
0.17644853889942169,-0.14427004754543304,4.7972941398620605,5.453763484954834
-0.32182431221008301,-0.10318503528833389,0.47896602749824524,-0.74727684259414673
-0.086864098906517029,-0.10315084457397461,5.1254839897155762,4.8943324089050293
0.32527831196784973,0.77165299654006958,-0.70286363363265991,-1.4587634801864624
5.3805050849914551,5.6596455574035645,0.31116577982902527,-0.22977955639362335
-1.0649136304855347,0.28449788689613342,4.5299677848815918,5.2017817497253418
-1.2396814823150635,-0.12719202041625977,0.50454717874526978,-0.6187705397605896
4.9460558891296387,4.0031018257141113,0.47977632284164429,-0.35558724403381348
0.50208133459091187,-0.56057393550872803,0.089635647833347321,0.47645741701126099
5.0997443199157715,0.66743898391723633,5.000328540802002,-0.45447039604187012
5.6153154373168945,4.4605293273925781,0.17060458660125732,0.5282014012336731
0.2419130802154541,-0.18691854178905487,0.65513098239898682,0.55184835195541382
5.246955394744873,0.65514838695526123,6.2771382331848145,0.4914548397064209
6.0081119537353516,4.2172679901123047,-0.53763830661773682,0.18818412721157074
-0.63726454973220825,1.0460138320922852,4.5223827362060547,5.4617009162902832
4.5252585411071777,4.9331789016723633,1.1490949392318726,-0.016426749527454376
0.23310735821723938,-1.448993444442749,0.043274428695440292,0.91394722461700439
5.1523990631103516,4.379845142364502,-0.27860915660858154,0.29681843519210815
-1.3123009204864502,-0.16885149478912354,5.397801399230957,4.8608994483947754
0.32268026471138,0.8315855860710144,1.2835477590560913,0.75714802742004395
4.2260680198669434,5.6411199569702148,-0.22056654095649719,0.057387374341487885
4.2646737098693848,0.42814171314239502,5.2911949157714844,0.36317631602287292
6.0362682342529297,5.2431588172912598,0.40384069085121155,-0.7589036226272583
0.69621467590332031,-0.059431310743093491,4.9207906723022461,5.3006505966186523
4.5511031150817871,-0.30560317635536194,5.8094720840454102,0.59417051076889038
6.0000033378601074,4.3385767936706543,0.095737360417842865,-0.020327849313616753
-0.31781846284866333,0.60750305652618408,-0.62753170728683472,0.92834597826004028
5.6171889305114746,0.065539650619029999,5.4577388763427734,-0.5201752781867981
5.8260307312011719,0.58803790807723999,5.5358648300170898,0.31129744648933411
5.7986016273498535,1.383527398109436,5.2689027786254883,0.31909188628196716
0.75279355049133301,0.26068872213363647,5.3538303375244141,5.4905414581298828
4.827599048614502,4.9083609580993652,0.64515668153762817,1.0948330163955688
-0.32804131507873535,0.60592818260192871,0.15775808691978455,0.049629431217908859
5.7523565292358398,-0.2662968635559082,4.9048929214477539,0.39003890752792358
4.9569664001464844,5.2634620666503906,-1.1770365238189697,0.17662923038005829
-0.40946197509765625,1.1390610933303833,0.36173078417778015,-1.1595262289047241
4.3850021362304688,-0.36667290329933167,4.6216754913330078,-0.29857057332992554
5.7809467315673828,4.4372091293334961,0.12388819456100464,-0.56175261735916138
5.454836368560791,-0.64030849933624268,4.6617774963378906,-0.383492112159729
5.8877687454223633,5.7437925338745117,-0.8414839506149292,-0.5350419282913208
4.6282625198364258,5.3583869934082031,-1.4094319343566895,-0.082466907799243927
0.1558123379945755,0.76320540904998779,0.047557655721902847,0.049295235425233841
4.3480873107910156,5.4506559371948242,0.73486453294754028,-0.56249344348907471
5.0517339706420898,0.13386046886444092,4.9897255897521973,0.23354330658912659
-0.50772148370742798,0.1441941112279892,5.5838284492492676,5.6624917984008789
5.2333436012268066,5.0494322776794434,1.1075059175491333,-0.5091472864151001
4.9774184226989746,4.5904049873352051,-0.4770568311214447,0.17955309152603149
5.8673610687255859,5.0764403343200684,-0.098019123077392578,0.27997693419456482
5.1903347969055176,4.8175358772277832,-0.34627112746238708,-0.60540950298309326
-0.2423882931470871,0.42178225517272949,4.9966435432434082,4.6813559532165527
-1.0441423654556274,-0.63867521286010742,-0.48952463269233704,-0.16289927065372467
4.7283072471618652,-0.68333643674850464,4.4079947471618652,-0.072276279330253601
-0.35165250301361084,0.93908119201660156,4.793433666229248,5.3125829696655273
5.688751220703125,-0.1000429168343544,5.6661176681518555,-0.14685516059398651
5.2744178771972656,5.7837514877319336,-0.43222135305404663,0.035123787820339203
4.6473159790039062,0.61866754293441772,4.6919646263122559,-0.31316310167312622
0.13674896955490112,-0.48255535960197449,4.7482953071594238,5.2344532012939453
5.0804886817932129,4.4375066757202148,-0.78167325258255005,-0.66834032535552979
5.197596549987793,-0.36121746897697449,4.5546388626098633,1.0772247314453125
-0.17850732803344727,-1.1986684799194336,-0.52870899438858032,-1.1950609683990479
5.7109928131103516,0.19340817630290985,4.2274661064147949,-0.26961195468902588
0.78572124242782593,-0.31639441847801208,5.0819849967956543,4.1443309783935547
-0.70227313041687012,-0.85311901569366455,4.8229742050170898,5.5361323356628418
0.59767132997512817,-0.5121949315071106,-0.27605554461479187,-0.19203326106071472
4.5518016815185547,5.728386402130127,0.88275647163391113,-0.64234226942062378
0.13312059640884399,0.68754118680953979,4.7152314186096191,4.2981867790222168
0.60056716203689575,0.71311134099960327,4.6936187744140625,5.0284953117370605
5.2964859008789062,4.5966873168945312,-1.0267735719680786,-0.97795194387435913
4.9949331283569336,0.92821085453033447,5.5453729629516602,-0.32928916811943054
5.0576820373535156,-0.52338659763336182,5.1616067886352539,0.28203091025352478
6.3504233360290527,5.3911771774291992,0.052454281598329544,1.452908992767334
0.86198079586029053,-0.10634848475456238,0.3538317084312439,-0.28912940621376038
5.0062446594238281,5.852022647857666,0.30829331278800964,-0.16870963573455811
4.8075246810913086,5.417177677154541,-0.47614791989326477,1.3791167736053467
6.1050047874450684,-0.92762136459350586,5.9064292907714844,0.43004950881004333
0.0539548359811306,0.87614774703979492,4.6978044509887695,6.0189905166625977
0.24167568981647491,-0.20438145101070404,-0.43517172336578369,-0.6832890510559082
5.7856364250183105,-0.41898080706596375,4.5544781684875488,-0.024368038401007652
-0.36795252561569214,-0.20250900089740753,3.934962272644043,5.2041378021240234
4.7387118339538574,-0.729228675365448,5.3651371002197266,-0.065883927047252655
-0.22926364839076996,-0.29428243637084961,4.6738438606262207,4.428809642791748
0.10279690474271774,-0.75099325180053711,5.3219237327575684,4.8259992599487305
-1.4499374628067017,0.87530422210693359,-1.0068507194519043,-1.5146379470825195
-0.25090286135673523,-0.04560450091958046,4.7083959579467773,4.8041329383850098
5.4243173599243164,3.6197876930236816,0.13643303513526917,0.77509766817092896
0.18708452582359314,-0.74071729183197021,4.4839334487915039,5.2843246459960938
0.21038410067558289,-0.19123710691928864,0.59564113616943359,0.082864023745059967
-0.95211923122406006,-1.6781781911849976,3.6449079513549805,4.6237359046936035
0.12991298735141754,-1.2666332721710205,4.8267383575439453,4.3011636734008789
-0.068849906325340271,-1.0238945484161377,5.1343855857849121,5.4253573417663574
5.0122027397155762,0.59169477224349976,4.3029823303222656,1.2752840518951416
0.53567415475845337,0.16076214611530304,-0.44323632121086121,-0.28273278474807739
5.8688507080078125,4.8756556510925293,-0.62422472238540649,-0.41137170791625977
4.8487815856933594,-0.85195326805114746,5.0984001159667969,0.001285213977098465
-0.35848277807235718,-0.28691834211349487,5.4115200042724609,4.7698993682861328
-0.14864450693130493,-0.71930468082427979,-0.54049688577651978,0.30396610498428345
5.4646196365356445,0.066887184977531433,5.7614827156066895,-0.30385798215866089
-0.071152321994304657,0.32719075679779053,-0.63780903816223145,0.98094749450683594
-0.25054875016212463,-0.11732573807239532,5.3993067741394043,4.5718693733215332
-0.031455811113119125,0.18309272825717926,-0.13282501697540283,0.60954982042312622
5.8123703002929688,0.64014410972595215,5.2538390159606934,0.25050485134124756
-0.55239087343215942,0.019913610070943832,-0.48180153965950012,-0.26698955893516541
4.8135371208190918,-0.62134653329849243,5.4281024932861328,0.38297078013420105
-0.63348180055618286,1.133469820022583,0.34516346454620361,0.17488643527030945
6.3432464599609375,5.1457109451293945,0.32759302854537964,0.89339542388916016
-0.28383728861808777,-0.29020559787750244,5.2281527519226074,5.1966962814331055
0.54363244771957397,-0.088414393365383148,-0.67294710874557495,0.50783437490463257
5.0227503776550293,5.1496038436889648,0.12930016219615936,-0.10267122089862823
-0.10521736741065979,-0.088109217584133148,0.10387731343507767,-0.44457066059112549
-0.21696542203426361,-0.41992840170860291,-0.025443365797400475,0.62746381759643555
4.517827033996582,0.39243441820144653,5.388401985168457,-0.13121812045574188
0.80494582653045654,-0.055496931076049805,5.4892258644104004,4.8752274513244629
5.3755583763122559,4.6301522254943848,1.1637439727783203,-0.62958025932312012
0.018678424879908562,-1.1190203428268433,0.48434588313102722,0.20830515027046204
4.3430519104003906,4.6663303375244141,-0.27005130052566528,0.16910366714000702
-0.29184845089912415,0.22404016554355621,4.9588394165039062,5.0131263732910156
5.5718560218811035,0.38857686519622803,5.041013240814209,0.087330169975757599
-0.59670799970626831,-0.76460421085357666,0.52696508169174194,-0.4132392406463623
-0.34312218427658081,0.9067913293838501,5.640906810760498,4.9937152862548828
5.4699039459228516,-0.64109736680984497,5.1837873458862305,0.56907296180725098
5.2288198471069336,4.6339292526245117,0.074493162333965302,-0.60701024532318115
4.6399650573730469,0.10628961026668549,4.8306717872619629,0.18646353483200073
5.9915690422058105,5.2508163452148438,-0.97462576627731323,-1.2834470272064209
-0.71446013450622559,-0.012472904287278652,4.9307117462158203,6.3207197189331055
0.84940648078918457,-0.3555392324924469,-0.00046713848132640123,-0.41502493619918823
5.4885034561157227,-1.0490025281906128,5.0348696708679199,-1.2708059549331665
-1.2585426568984985,-0.63430094718933105,-0.066030725836753845,0.15397898852825165
5.1920990943908691,5.1587543487548828,-0.12851180136203766,0.25022593140602112
0.48061507940292358,0.21190474927425385,4.4960403442382812,4.9700736999511719
4.524991512298584,0.14776219427585602,4.5780839920043945,0.74492740631103516
4.9936003684997559,4.957883358001709,-1.0616836547851562,0.69054359197616577
-0.97411078214645386,-0.0077087357640266418,1.0500122308731079,0.022838206961750984
4.4554595947265625,0.061448562890291214,5.2608442306518555,0.48968386650085449
5.0820598602294922,1.8154531717300415,4.5713891983032227,1.1499125957489014
0.16271276772022247,0.0033397912047803402,4.7143878936767578,4.3704142570495605
-0.044196728616952896,-0.61450648307800293,5.3088388442993164,5.5777430534362793
4.535341739654541,0.63446402549743652,5.281336784362793,-0.36747211217880249
0.35628968477249146,0.87601906061172485,-0.74227362871170044,0.39299473166465759
5.7965025901794434,5.503138542175293,0.26930928230285645,0.047085359692573547
-0.3605014979839325,-0.072280600666999817,4.8454446792602539,5.121427059173584
0.033904116600751877,-0.94127005338668823,-0.42997333407402039,0.17306956648826599
-0.31864577531814575,0.46191960573196411,-0.13495010137557983,0.12526136636734009
4.9514608383178711,5.6844148635864258,0.15597739815711975,0.365663081407547
0.096453353762626648,-0.71769493818283081,0.77653205394744873,0.41829964518547058
-0.061284337192773819,-0.62874078750610352,4.0719470977783203,5.0718679428100586
4.7871499061584473,-0.41035297513008118,4.4521222114562988,0.42908266186714172
4.7172636985778809,-0.54542934894561768,3.9336316585540771,0.47805789113044739
5.0204262733459473,4.9829807281494141,-0.30847007036209106,-0.27862992882728577
-0.12043272703886032,-1.1680570840835571,5.5000081062316895,6.3641128540039062
4.6733307838439941,0.086613789200782776,5.5928606986999512,-0.7154848575592041
0.22641736268997192,-0.21604526042938232,0.76206547021865845,-0.10430362820625305
5.2422370910644531,0.79346013069152832,5.3642396926879883,-0.24224874377250671
5.102142333984375,-0.63493818044662476,5.4241714477539062,-1.0776456594467163
4.3393521308898926,6.1169033050537109,-0.71725600957870483,1.0961861610412598
5.2414817810058594,4.8962059020996094,-0.32914653420448303,-0.27387836575508118
5.2554898262023926,5.0637879371643066,0.768715500831604,-0.41230937838554382
4.8301229476928711,4.5126051902770996,-0.39578860998153687,-1.0863722562789917
0.33217924833297729,-1.099252462387085,0.28037422895431519,0.78593504428863525
5.7586135864257812,-0.93364548683166504,4.6802997589111328,-0.49304983019828796
0.19668148458003998,0.068795561790466309,4.7765927314758301,5.4555201530456543
5.4590640068054199,-0.015229132957756519,4.4482321739196777,-0.013306732289493084
5.7695441246032715,5.770965576171875,-0.15945492684841156,0.89733529090881348
5.9953322410583496,-0.070338822901248932,5.0835928916931152,-1.1415572166442871
-0.28843787312507629,0.77155369520187378,5.1425089836120605,4.7402887344360352
-0.24470071494579315,1.0196555852890015,5.1582441329956055,4.4066038131713867
-0.19735127687454224,0.16194185614585876,-0.017504496499896049,0.67613953351974487
5.6606459617614746,5.5906987190246582,-0.066118001937866211,0.48860639333724976
5.3490309715270996,4.7619419097900391,0.70444285869598389,-0.49939742684364319
0.57466751337051392,-0.93959414958953857,5.0216045379638672,6.0491647720336914
0.18085308372974396,-0.12191560119390488,0.098398476839065552,0.34313398599624634
4.8269233703613281,4.8921260833740234,0.86067909002304077,-0.62711727619171143
-0.87369096279144287,-0.71467119455337524,4.6076302528381348,4.6326079368591309
3.9772090911865234,-0.068465404212474823,4.4669804573059082,0.35943260788917542
6.2067327499389648,0.90904682874679565,5.6820187568664551,0.53437322378158569
0.0023767994716763496,-0.25514620542526245,1.5173636674880981,-0.90672904253005981
0.33493313193321228,1.0928727388381958,0.073744505643844604,-0.47382166981697083
0.4166962206363678,-0.59869581460952759,5.7066559791564941,4.2179217338562012
5.8677926063537598,4.2006521224975586,-0.46333101391792297,-0.72906172275543213
5.3800811767578125,-0.88375377655029297,4.7136602401733398,0.55574357509613037
5.0158224105834961,5.2124476432800293,0.65037399530410767,-0.075508005917072296
0.44572532176971436,-0.16101700067520142,-0.66625851392745972,0.40952977538108826
5.2083821296691895,0.077120088040828705,4.4094223976135254,-0.97414475679397583
-0.37719294428825378,0.58005273342132568,6.1297078132629395,4.1805520057678223
5.5750951766967773,0.82041674852371216,4.0420670509338379,1.0144096612930298
5.0986647605895996,4.7124452590942383,0.52037620544433594,0.040094882249832153
4.9791765213012695,0.99142146110534668,5.7518167495727539,0.63796812295913696
4.4475536346435547,4.9125285148620605,0.81389737129211426,-0.30020347237586975
0.68883311748504639,-0.19992950558662415,0.068516895174980164,0.14571399986743927
-0.23392806947231293,-0.81375402212142944,5.1711478233337402,4.9492640495300293
-0.0595579594373703,-0.62507778406143188,5.2512850761413574,5.3009257316589355
-0.016779636964201927,-0.055588360875844955,0.24896231293678284,0.83513706922531128
4.9658064842224121,5.1316790580749512,0.010177713818848133,-0.33555060625076294
0.33339542150497437,-0.58780813217163086,4.6823134422302246,5.6446385383605957
0.54115432500839233,0.66310721635818481,5.162898063659668,5.5583376884460449
0.32197386026382446,0.76482069492340088,0.55159014463424683,-0.1764393150806427
-0.88271170854568481,-1.1627062559127808,5.1805758476257324,4.398533821105957
-1.4456156492233276,-0.42797645926475525,0.043010003864765167,0.85464179515838623
-0.21901042759418488,0.43193015456199646,0.0010837147710844874,-0.69706100225448608
4.8912386894226074,0.58001202344894409,4.183903694152832,-0.26752075552940369
-0.089437767863273621,0.11821141839027405,5.5393838882446289,4.1070761680603027
4.1643710136413574,4.9325752258300781,0.18923848867416382,0.12559796869754791
-0.4076155424118042,0.037206489592790604,0.28188636898994446,-0.40432858467102051
-1.0914708375930786,0.26985681056976318,5.1837224960327148,5.0237245559692383
6.5833892822265625,5.1145839691162109,0.065362133085727692,-0.65314942598342896
5.3279647827148438,6.9793334007263184,0.39533653855323792,1.0570393800735474
4.9963078498840332,4.548429012298584,0.5374416708946228,-0.21732290089130402
-1.13408362865448,-0.40703469514846802,-1.4293608665466309,-0.42683178186416626
-0.1600700169801712,0.40561351180076599,0.36574718356132507,0.13447611033916473
5.4922585487365723,5.6700940132141113,0.69208711385726929,0.14371272921562195
0.46691611409187317,0.060841254889965057,-0.25509524345397949,-0.1411091685295105
0.27245521545410156,0.042906895279884338,5.5115551948547363,3.668043851852417
5.8460311889648438,4.9165081977844238,0.93461602926254272,-0.0036864485591650009
3.9133615493774414,0.74654269218444824,5.8581027984619141,-0.33632862567901611
4.338529109954834,-0.23555928468704224,4.1203794479370117,-0.89074122905731201
-0.011500722728669643,-0.18391554057598114,3.3039546012878418,6.1717891693115234
0.089582234621047974,0.69797837734222412,5.0783319473266602,5.4007577896118164
4.6805410385131836,5.712916374206543,0.30942752957344055,1.3124521970748901
5.7187075614929199,4.8088040351867676,0.27792143821716309,0.40565448999404907
-1.2255574464797974,-0.2142491489648819,5.5149588584899902,5.2089142799377441
-0.60858649015426636,0.91711348295211792,4.1548538208007812,4.1937069892883301
0.96235090494155884,0.80212873220443726,-0.30368506908416748,-0.40972048044204712
5.5354099273681641,0.69899451732635498,5.4678525924682617,-0.27293884754180908
4.0893764495849609,4.5729045867919922,-0.49377405643463135,-0.19016951322555542
0.49411696195602417,-0.81787389516830444,0.64703905582427979,-0.33006823062896729
0.2193373441696167,0.57284510135650635,0.22934922575950623,0.97087466716766357
-0.7985529899597168,0.0817393958568573,6.289787769317627,5.5784611701965332
5.2157459259033203,5.7607259750366211,0.1495247483253479,-0.011750836856663227
0.53579676151275635,-0.776153564453125,0.020586384460330009,-0.22540919482707977
-0.59705936908721924,1.1104841232299805,5.3506336212158203,5.9378890991210938
0.31180316209793091,-0.19592852890491486,4.1055941581726074,5.7765092849731445
-0.7414400577545166,-0.087219178676605225,0.60225319862365723,-0.80135965347290039
5.3178362846374512,0.15622831881046295,5.4266748428344727,-0.092097952961921692
-0.58982503414154053,-0.39244532585144043,6.1752161979675293,4.5654768943786621
-0.22544729709625244,0.11428959667682648,1.0591322183609009,-0.14044167101383209
-0.62504124641418457,-0.38490104675292969,5.0942316055297852,5.1055655479431152
0.4186004102230072,0.1335483193397522,0.25625815987586975,-0.31169575452804565
-0.086669281125068665,-0.53040051460266113,4.6389217376708984,5.8862013816833496
0.2991260290145874,-0.47642669081687927,5.8807859420776367,4.9998130798339844
5.3704018592834473,5.4829707145690918,0.046357531100511551,-0.57492148876190186
-0.0027246847748756409,1.3183203935623169,-0.64824134111404419,-0.95859485864639282
4.9452462196350098,4.8309645652770996,0.67971515655517578,0.71638327836990356
5.2399754524230957,-0.41916444897651672,5.6282296180725098,-0.3411409854888916
5.3533411026000977,0.57336574792861938,5.5429682731628418,-0.77296864986419678
-0.010126823559403419,-0.16029287874698639,0.57757019996643066,0.10855560749769211
5.2512226104736328,5.4112482070922852,0.44670248031616211,0.54961931705474854
5.4804368019104004,-0.97708678245544434,5.6215753555297852,-0.17278164625167847
5.4079360961914062,0.30714493989944458,5.1418261528015137,0.59860682487487793
5.7857985496520996,1.2702083587646484,6.0244865417480469,-0.21775436401367188
3.8652713298797607,5.1412353515625,0.24484731256961823,-0.043463122099637985
5.206944465637207,5.759033203125,0.72471445798873901,0.58428454399108887
5.0928573608398438,5.0621552467346191,-0.36620479822158813,-0.46821630001068115
4.5401349067687988,5.5876979827880859,-0.91379868984222412,-0.29275476932525635
-0.45174902677536011,-0.22473543882369995,5.2829427719116211,3.9539949893951416
5.3145623207092285,4.7494306564331055,-0.4350704550743103,-0.11276907473802567
4.7867445945739746,0.2525482177734375,3.4915966987609863,-0.88854891061782837
-0.1561598926782608,0.29305452108383179,0.23153397440910339,0.19736848771572113
5.3043251037597656,5.7536754608154297,0.45934316515922546,0.34610766172409058
0.68592309951782227,0.56864446401596069,5.6373834609985352,5.1247525215148926
1.2400904893875122,-0.44346648454666138,-0.56045240163803101,0.10507910698652267
5.4619197845458984,-0.17925263941287994,4.8255786895751953,1.0708730220794678
1.2011988162994385,-0.12116677314043045,6.0580058097839355,4.5998759269714355
5.762972354888916,5.388606071472168,0.34688451886177063,0.55850780010223389
5.2001123428344727,-0.85034757852554321,4.8013849258422852,-1.008607029914856
5.1524434089660645,0.59552043676376343,5.8877387046813965,0.67330360412597656
6.1585483551025391,0.023143850266933441,5.1708540916442871,0.00023419414355885237
-0.60775792598724365,0.076410740613937378,4.5357003211975098,4.6567983627319336
5.0386667251586914,5.4509215354919434,-0.53474569320678711,1.0128322839736938
0.11542433500289917,-0.037687279284000397,0.10882106423377991,-0.13003499805927277
3.5959854125976562,4.5784211158752441,0.52173060178756714,0.41284233331680298
-0.21105954051017761,-0.43173664808273315,0.38025927543640137,0.40170994400978088
0.20795457065105438,-0.3316725492477417,0.3881956934928894,-0.31338077783584595
-1.6973646879196167,0.16957288980484009,-0.57456105947494507,0.12163946777582169
5.2207236289978027,-0.85363614559173584,5.3221817016601562,-0.33212941884994507
4.828709602355957,-0.75800901651382446,5.4814987182617188,-1.2712624073028564
5.2656397819519043,5.526731014251709,-0.97517353296279907,-0.48670995235443115
5.4306025505065918,-0.45467829704284668,6.1622681617736816,-1.3954085111618042
0.85433703660964966,-0.25801059603691101,0.38967499136924744,-0.096097707748413086
3.9887652397155762,6.3332877159118652,0.25100535154342651,0.19955180585384369
5.0250377655029297,4.7564725875854492,-0.16880926489830017,0.071394480764865875
-0.37976628541946411,-0.22948628664016724,4.7193832397460938,4.1139993667602539
5.0180597305297852,5.3184146881103516,-0.60930967330932617,0.67904329299926758
-0.077486142516136169,0.50269401073455811,-0.2121695876121521,-0.31418830156326294
4.2944602966308594,0.47743907570838928,5.1566953659057617,-0.9329524040222168
3.9159083366394043,1.6163671016693115,4.5912647247314453,-0.2732391357421875
1.2721881866455078,1.2362096309661865,4.7108154296875,5.4857993125915527
-0.79464340209960938,0.74455899000167847,-0.81468814611434937,0.49484464526176453
5.1650128364562988,-0.76741498708724976,4.4960260391235352,0.30729213356971741
4.3346819877624512,4.8290433883666992,0.54138922691345215,-1.0915343761444092
0.90464431047439575,-1.2440339326858521,3.9055991172790527,6.116307258605957
3.9396207332611084,-0.83803290128707886,5.0002231597900391,0.76660394668579102
-0.53315538167953491,0.14489190280437469,4.6864018440246582,4.7053127288818359
-0.73143082857131958,0.27896812558174133,5.01519775390625,5.4819636344909668
0.030168820172548294,-0.63420718908309937,0.59958928823471069,-0.99013650417327881
4.7055120468139648,-0.24288266897201538,4.8056058883666992,-0.0098253795877099037
6.4310359954833984,0.9311978816986084,4.8474836349487305,0.92138093709945679
-0.0026328761596232653,0.011812640354037285,-0.23325221240520477,0.34329795837402344
5.7990140914916992,5.7225298881530762,-0.34355396032333374,0.89600610733032227
5.4924850463867188,0.30067884922027588,5.356605052947998,-1.5114283561706543
0.41140741109848022,-0.18751083314418793,-0.026367021724581718,-0.028828363865613937
0.30952855944633484,-0.46733558177947998,4.7926473617553711,5.5017952919006348
5.164280891418457,0.28947585821151733,4.8992471694946289,-0.20146101713180542
4.5719985961914062,-0.38150495290756226,5.0003852844238281,0.16095007956027985
4.7941737174987793,-0.04934152215719223,5.8086729049682617,-0.021963702514767647
5.2813878059387207,0.18862044811248779,4.1625909805297852,0.26789325475692749
-1.4854995012283325,-0.041274469345808029,5.0807595252990723,4.9740099906921387
-1.113264799118042,-0.57506644725799561,-0.4658837616443634,-0.029487716034054756
4.7476954460144043,-0.65102690458297729,5.0577750205993652,-0.18332035839557648
-1.1196225881576538,0.18800649046897888,5.1279745101928711,4.907534122467041
0.068102821707725525,0.38322579860687256,5.5582027435302734,5.1028470993041992
5.2820110321044922,5.1861801147460938,-0.17263683676719666,-0.61005067825317383
0.53075647354125977,0.30663654208183289,-0.4635719358921051,-0.23776362836360931
5.6681661605834961,-0.66400003433227539,5.6488218307495117,0.28533652424812317
0.34011027216911316,-0.16544578969478607,4.148949146270752,4.7157764434814453
0.3276137113571167,0.45089799165725708,6.3463902473449707,5.1246814727783203
0.14390556514263153,0.84628665447235107,4.1243152618408203,6.5387387275695801
5.0204811096191406,-0.55415374040603638,5.5702705383300781,0.3549971878528595
-0.48485472798347473,-0.99568581581115723,0.97585523128509521,-0.88559240102767944
1.336579442024231,0.06858246773481369,-1.1069889068603516,0.15415345132350922
4.5244855880737305,0.21750563383102417,4.0089836120605469,0.48841845989227295
1.0183683633804321,0.53981751203536987,5.8095412254333496,3.8101708889007568
0.56335490942001343,0.8731505274772644,4.5951452255249023,5.0380892753601074
6.2211771011352539,-0.033414240926504135,5.1845889091491699,0.14998921751976013
0.43897584080696106,-0.80568194389343262,7.5968546867370605,6.3667945861816406
-0.25190839171409607,-0.95743042230606079,4.9088234901428223,5.9339666366577148
-0.18584610521793365,-0.99464184045791626,0.083707831799983978,-0.84739184379577637
-0.81640589237213135,-0.019775068387389183,4.1121358871459961,5.0392928123474121
5.6226286888122559,5.240990161895752,0.30309092998504639,-0.11014833301305771
5.0277304649353027,4.6136837005615234,-0.98066252470016479,-0.45184049010276794
-0.034664012491703033,0.79386448860168457,0.46621626615524292,0.39422324299812317
0.046043440699577332,0.3400174081325531,-1.0100977420806885,0.14854887127876282
-0.38018471002578735,-0.14165607094764709,-0.72316521406173706,-0.89313167333602905
4.7459521293640137,5.4122223854064941,-0.51461964845657349,-1.2381168603897095
0.46601459383964539,0.27113229036331177,0.44905439019203186,-0.017117096111178398
5.7865443229675293,-0.20945204794406891,5.8523750305175781,1.4455670118331909
5.0349807739257812,5.2820181846618652,0.65242129564285278,-0.72944194078445435
5.1472392082214355,5.7785506248474121,-0.90868008136749268,0.40811845660209656
0.13939483463764191,0.48872092366218567,-0.2046770453453064,-0.42920586466789246
0.11326553672552109,0.36630547046661377,4.6231999397277832,4.3530220985412598
4.8549103736877441,4.695920467376709,-0.8461182713508606,-0.040705595165491104
5.3432817459106445,0.1023748591542244,4.9926438331604004,0.96244335174560547
0.42347508668899536,-0.63179457187652588,0.47664946317672729,-0.086452901363372803
0.12293976545333862,0.21090570092201233,5.2170562744140625,5.0764155387878418
5.3312621116638184,4.749791145324707,0.93512421846389771,-1.4253453016281128
-0.34132277965545654,-0.49790585041046143,-0.011188488453626633,-0.26215040683746338
0.11563065648078918,-0.54537588357925415,4.7562394142150879,5.7590847015380859
5.3728084564208984,5.0355148315429688,0.10670721530914307,-0.44738832116127014
4.9356708526611328,-0.13605493307113647,4.7285614013671875,-0.34560185670852661
-0.074445553123950958,-0.5206073522567749,5.1142501831054688,4.5153627395629883
4.7209868431091309,5.0443129539489746,-0.14199285209178925,-0.85932022333145142
0.34404465556144714,1.0377696752548218,0.075302913784980774,-0.099134489893913269
0.15296165645122528,1.0483372211456299,-0.48363924026489258,-0.50975769758224487
1.6032865047454834,-0.44133868813514709,5.1381082534790039,5.2678022384643555
4.9193029403686523,4.6022963523864746,0.79392212629318237,-0.6754029393196106
5.0669445991516113,0.039571575820446014,3.7885797023773193,-0.58336007595062256
4.3939986228942871,-0.20313766598701477,4.4974098205566406,-0.24808505177497864
5.5327277183532715,1.0734907388687134,5.012697696685791,0.43013393878936768
-0.1843305379152298,0.29679346084594727,4.412574291229248,5.0187501907348633
5.0798988342285156,5.3411235809326172,0.55643951892852783,0.61257678270339966
5.5671958923339844,5.342195987701416,-0.10168102383613586,-0.19977165758609772
5.9154119491577148,-0.17517252266407013,5.2798833847045898,-0.45126953721046448
-0.14847034215927124,0.49999129772186279,0.044090438634157181,-1.1225357055664062
4.7860379219055176,4.1777486801147461,-1.1270747184753418,0.39669537544250488
0.1247810423374176,-0.0031028313096612692,4.0697684288024902,5.8427281379699707
5.7255520820617676,0.79717725515365601,5.1708950996398926,-0.096197418868541718
0.069935329258441925,-1.0787508487701416,4.9170956611633301,5.3225040435791016
0.11523971706628799,-0.6227838397026062,5.5479717254638672,4.5956377983093262
0.47196966409683228,-0.67054933309555054,0.55930584669113159,0.046411074697971344
0.44390439987182617,0.43902164697647095,3.9362237453460693,5.6982221603393555
5.652015209197998,-0.013227430172264576,4.9145979881286621,-0.069898881018161774
3.8283157348632812,4.8473057746887207,0.33332157135009766,-0.56001609563827515
4.2905440330505371,0.44089710712432861,5.4299330711364746,-0.47466903924942017
4.291593074798584,3.9105679988861084,0.45231378078460693,-1.0792958736419678
5.2261886596679688,0.55597251653671265,5.3211488723754883,-0.65307343006134033
-0.81407463550567627,-0.29260441660881042,6.1773171424865723,4.4134554862976074
4.8628349304199219,0.22536854445934296,4.1411862373352051,0.4798443615436554
0.25395393371582031,0.60297757387161255,4.1870026588439941,4.5490021705627441
1.164544939994812,-0.39163726568222046,-0.62102633714675903,0.41636300086975098
-0.14461161196231842,1.0285028219223022,0.59621208906173706,0.54103189706802368
-0.012582343071699142,-0.10043057799339294,1.1116750240325928,0.47919747233390808
5.1413884162902832,0.48685479164123535,5.0160889625549316,-0.0071451305411756039
4.6427931785583496,-0.9743424654006958,4.4286646842956543,1.2906149625778198
3.0802650451660156,4.4768576622009277,-0.66472113132476807,0.28167068958282471
0.90676707029342651,-0.053662598133087158,0.52360975742340088,1.0149937868118286
-0.20615220069885254,0.56796813011169434,5.1898674964904785,5.7001523971557617
-0.43015748262405396,0.064557559788227081,0.18992882966995239,0.76175540685653687
0.172745481133461,-0.84706205129623413,3.6941652297973633,4.3485498428344727
-0.37048366665840149,0.33933517336845398,-1.2589693069458008,-0.57473129034042358
5.552100658416748,0.14301784336566925,5.162714958190918,0.016118802130222321
-0.27246040105819702,0.61948943138122559,1.222079873085022,-0.20555813610553741
5.5134568214416504,4.9281988143920898,-0.020386518910527229,0.10971641540527344
-0.14012570679187775,1.3196213245391846,5.3724498748779297,4.1221919059753418
4.4129772186279297,4.3337793350219727,0.1311289370059967,0.22572728991508484
0.44232958555221558,0.36575713753700256,-0.88269168138504028,-0.24102489650249481
1.4649621248245239,0.96898537874221802,5.7398242950439453,4.5653915405273438
4.4045042991638184,4.7250585556030273,0.76900738477706909,-0.626007080078125
4.7355585098266602,0.38708266615867615,6.0285019874572754,-0.34575715661048889
-0.70163249969482422,0.21280428767204285,-0.85064601898193359,0.78062230348587036
0.95519280433654785,-0.23449815809726715,-0.49947962164878845,0.25574281811714172
5.0763649940490723,0.99777787923812866,6.3985080718994141,-0.43641015887260437
-1.3962591886520386,-0.1646728515625,3.8934741020202637,4.9740185737609863
-1.3180649280548096,-0.48241454362869263,4.7393722534179688,5.9202704429626465
5.5634989738464355,3.854210376739502,0.42449662089347839,-0.75233197212219238
5.179497241973877,5.5490179061889648,0.17428174614906311,0.60882681608200073
3.8060441017150879,4.254889965057373,0.17628699541091919,0.19066505134105682
4.2775192260742188,5.3468618392944336,-0.49749818444252014,-0.53780263662338257
0.23900744318962097,0.25723791122436523,5.5021243095397949,4.0642285346984863
5.0268540382385254,3.5332648754119873,-0.87133145332336426,0.88085323572158813
3.8803036212921143,0.077165327966213226,4.6717262268066406,-0.96152764558792114
5.4515137672424316,0.049556795507669449,4.8653349876403809,-0.40881392359733582
-0.25541061162948608,0.46614786982536316,-0.53558546304702759,-0.046660501509904861
0.74650216102600098,-0.54489409923553467,0.53007429838180542,-0.62451910972595215
5.270209789276123,5.7580289840698242,-0.018706219270825386,0.42759710550308228
0.70968449115753174,0.62581902742385864,5.4487299919128418,5.3575496673583984
-1.1783868074417114,1.4115660190582275,5.0842862129211426,4.7150859832763672
0.44796770811080933,0.87823796272277832,4.7571167945861816,5.2426562309265137
5.6307940483093262,-0.50352239608764648,5.4808354377746582,0.57127600908279419
0.31450265645980835,0.043870210647583008,6.2134871482849121,4.6915144920349121
4.3306493759155273,4.6722702980041504,0.45056250691413879,0.018415143713355064
-0.028659733012318611,-0.87903350591659546,0.53605657815933228,0.20881915092468262
3.8497827053070068,-1.1134734153747559,4.9856100082397461,-0.65452837944030762
4.6569619178771973,4.990847110748291,0.74330365657806396,-0.30087652802467346
-0.44891798496246338,-0.70858067274093628,5.0865898132324219,5.3135900497436523
0.20710738003253937,0.19950707256793976,5.2190666198730469,4.9266548156738281
6.2983708381652832,5.4851951599121094,0.15096144378185272,-0.93319600820541382
0.20198780298233032,0.74198639392852783,-0.29975265264511108,0.088518962264060974
4.7492814064025879,4.8466892242431641,0.38946771621704102,0.50376689434051514
0.55421459674835205,0.6642601490020752,-0.89590734243392944,0.045258436352014542
0.46005994081497192,0.68051266670227051,4.8392000198364258,5.7203598022460938
5.1492490768432617,5.2254981994628906,-0.73108136653900146,-0.10371867567300797
4.6056690216064453,4.6740050315856934,-0.84490329027175903,-0.40943756699562073
5.3498744964599609,0.57171076536178589,5.197087287902832,-0.098220117390155792
5.4144096374511719,3.8813211917877197,-0.85227388143539429,0.70562249422073364
0.17511880397796631,0.80327165126800537,4.955477237701416,4.5574493408203125
6.1538443565368652,0.74744093418121338,4.8263716697692871,0.40881925821304321
1.3836778402328491,-0.068808034062385559,4.0930252075195312,5.6440935134887695
4.4064826965332031,5.1521396636962891,-1.0417029857635498,1.5783722400665283
0.24085643887519836,-1.0487018823623657,0.28307491540908813,-1.3756304979324341
-0.7394329309463501,-0.4101596474647522,5.2439002990722656,4.554222583770752
4.6731863021850586,4.7261347770690918,-0.2285822331905365,0.070811375975608826
4.7392802238464355,6.1197566986083984,-0.38207364082336426,-0.43989428877830505
4.9154930114746094,4.1002235412597656,-0.8791845440864563,0.76782363653182983
6.0548849105834961,-0.58391469717025757,4.4334964752197266,0.94910556077957153
4.5019149780273438,5.1586756706237793,-0.91150790452957153,-0.028070645406842232
0.30865666270256042,0.15046052634716034,0.83240431547164917,-0.31123968958854675
5.4722785949707031,4.8700957298278809,-1.1348527669906616,0.63101029396057129
0.14520931243896484,0.027493681758642197,-0.88420230150222778,-1.0954066514968872
0.33595007658004761,0.46628570556640625,0.32759204506874084,-0.23827534914016724
-0.39025110006332397,-0.19000193476676941,-0.99796640872955322,0.048776764422655106
4.7249646186828613,0.64887750148773193,5.6528306007385254,1.2895716428756714
4.5917081832885742,0.46780863404273987,5.1215252876281738,-0.91906946897506714
3.6845376491546631,1.0464142560958862,5.8739585876464844,-0.049466174095869064
5.3755922317504883,4.8408827781677246,-0.04639323428273201,-0.67662650346755981
4.7507228851318359,4.3740758895874023,0.18038752675056458,-0.45031729340553284
-0.10578230023384094,0.13776740431785583,5.3256759643554688,5.0633397102355957
5.3991556167602539,5.5529270172119141,0.14460098743438721,0.33610829710960388
5.0299301147460938,5.8319010734558105,0.14027704298496246,-0.17768386006355286
-0.066870175302028656,1.1698970794677734,0.20235498249530792,0.55970853567123413
4.6825089454650879,-1.1707046031951904,4.6922073364257812,-0.14733551442623138
5.9695172309875488,4.7645020484924316,-0.16707900166511536,-0.64084893465042114
0.083706356585025787,0.78888130187988281,1.008849024772644,0.51936930418014526
0.0717502161860466,-0.58568346500396729,5.2166366577148438,4.2448158264160156
5.5879192352294922,-0.21556982398033142,5.3992338180541992,-0.36720743775367737
0.227630615234375,-0.73278647661209106,4.7666621208190918,4.4894504547119141
-0.52812755107879639,-0.48953598737716675,0.59592634439468384,-0.29990381002426147
4.7561283111572266,-0.43160143494606018,5.4060273170471191,0.67838394641876221
4.5337247848510742,-0.4998532235622406,4.8795661926269531,0.99940842390060425
3.989898681640625,5.3353228569030762,0.1730809211730957,-0.017622435465455055
-0.10018953680992126,-1.2706102132797241,-0.39723974466323853,0.6271522045135498
0.35636892914772034,-0.0054948702454566956,5.5475168228149414,5.5549473762512207
4.6891045570373535,0.87206792831420898,4.7102928161621094,-0.65689563751220703
0.26471900939941406,-0.81620931625366211,0.38182526826858521,-0.026571569964289665
5.4533605575561523,0.28067877888679504,5.9297561645507812,0.58231598138809204
4.9322233200073242,-0.69924646615982056,6.1766448020935059,-0.082810208201408386
-0.28477522730827332,-0.17497868835926056,4.4813652038574219,4.7893972396850586
4.5787267684936523,0.09756152331829071,4.6107172966003418,-1.0431206226348877
4.8323774337768555,0.58435958623886108,5.3024964332580566,-0.3567555844783783
5.9385256767272949,0.14157786965370178,4.6280522346496582,0.64060097932815552
5.0546560287475586,4.5734047889709473,-0.40078720450401306,0.55291974544525146
-0.27731278538703918,0.45210039615631104,1.2076115608215332,0.054852642118930817
4.7297368049621582,4.0376849174499512,1.1691557168960571,-0.10432490706443787
5.0438580513000488,5.4420523643493652,0.4255850613117218,-0.42286637425422668
0.078811801970005035,-0.58757573366165161,5.8318347930908203,5.0254626274108887
5.8073816299438477,4.3059635162353516,-0.3886256217956543,-0.36034956574440002
-0.25401687622070312,0.064769096672534943,0.019114298745989799,-0.4364636242389679
0.58616536855697632,-1.2244569063186646,5.554253101348877,4.4935731887817383
4.6214118003845215,-0.41824403405189514,5.7548961639404297,1.0395699739456177
5.1318507194519043,-0.4927200973033905,4.4604592323303223,-0.38949942588806152
-0.20740349590778351,-0.67449414730072021,-0.81178367137908936,-0.014055739156901836
5.6035428047180176,5.112485408782959,1.4666167497634888,0.39640074968338013
5.8383893966674805,5.0645589828491211,1.4162135124206543,-0.97132116556167603
0.92121666669845581,0.32028800249099731,5.8938851356506348,4.8966121673583984
5.4107170104980469,1.0334407091140747,5.5588517189025879,0.16972547769546509
-0.30321153998374939,-0.094855673611164093,4.1570467948913574,4.2883148193359375
-0.074539855122566223,1.1930476427078247,0.79147422313690186,-0.55498611927032471
0.18080084025859833,-1.0930429697036743,-0.19165429472923279,0.78041344881057739
-1.2524203062057495,-1.0262324810028076,5.0807557106018066,6.5970268249511719
5.8522381782531738,-0.59930580854415894,3.4163670539855957,0.37657842040061951
-0.64138758182525635,-0.1596657931804657,5.7422094345092773,4.0082616806030273
4.7243890762329102,4.9460253715515137,0.13648468255996704,0.21168546378612518
5.7989997863769531,5.9838128089904785,-0.64850199222564697,0.0063607101328670979
0.24586576223373413,-0.27268514037132263,4.957026481628418,4.5291976928710938
5.2834019660949707,5.6242303848266602,-0.8013957142829895,0.014105396345257759
4.5501809120178223,5.1021275520324707,-0.3442680835723877,0.77018344402313232
-0.96101492643356323,0.52303785085678101,0.43477723002433777,-0.55579185485839844
4.5251317024230957,0.67854398488998413,5.2192583084106445,-0.11642704904079437
0.3012063205242157,-1.1001976728439331,0.42245498299598694,-0.19899524748325348
5.4303169250488281,0.37960115075111389,4.7710676193237305,-0.0040575377643108368
0.026013113558292389,-0.27296015620231628,1.1705981492996216,-1.6163794994354248
4.7635135650634766,4.7212262153625488,-0.66492259502410889,0.35236033797264099
0.2280028909444809,-0.64347600936889648,0.57491272687911987,0.099406279623508453
4.6265430450439453,4.7866368293762207,0.32432946562767029,-0.067170083522796631
0.30683231353759766,-0.80315995216369629,-0.32036119699478149,-0.12841795384883881
-0.66082382202148438,-0.49520730972290039,5.4256424903869629,4.798130989074707
1.1168493032455444,0.0040845321491360664,6.4388399124145508,4.8364558219909668
3.3770065307617188,-0.15137565135955811,4.6993064880371094,0.55346482992172241
5.8507628440856934,0.44750115275382996,4.2692570686340332,-0.33994078636169434
4.6068143844604492,3.646770715713501,-0.62303495407104492,-0.13155238330364227
0.75136983394622803,0.49916502833366394,0.061801116913557053,-0.45072928071022034
4.1238274574279785,0.27603760361671448,4.4978313446044922,-0.083603881299495697
-0.19844092428684235,-0.78205513954162598,4.3389625549316406,4.0129556655883789
5.126490592956543,4.7057065963745117,-0.43521100282669067,1.8001115322113037
4.3943004608154297,-0.20018064975738525,5.5877065658569336,-0.72206205129623413
-0.32086598873138428,-0.024769209325313568,0.19414332509040833,0.20374774932861328
0.29703497886657715,-0.65305978059768677,3.3794317245483398,6.0373024940490723
0.32909643650054932,-0.72584521770477295,-0.072863966226577759,0.52746874094009399
-0.73664557933807373,1.0707969665527344,4.7714300155639648,5.076690673828125
-0.60396760702133179,-0.5624956488609314,-0.267438143491745,-0.18779920041561127
0.12430032342672348,-0.50766474008560181,-0.50069671869277954,-0.16791583597660065
0.85044068098068237,0.024129515513777733,0.8289678692817688,-0.20049463212490082
5.4482536315917969,5.6059913635253906,-0.58697968721389771,-1.0058662891387939
4.0883402824401855,-0.57818937301635742,5.0495471954345703,-0.1501535028219223
-0.4320424497127533,0.16553394496440887,5.645531177520752,4.5017280578613281
3.8970727920532227,5.7126741409301758,0.28572440147399902,-1.1532092094421387
5.470637321472168,5.0919365882873535,-0.0041564665734767914,-0.19464509189128876
-0.52263128757476807,-0.12305942177772522,-0.66971951723098755,-0.58758246898651123
4.9934802055358887,5.204164981842041,-1.0441659688949585,-0.57794874906539917
5.3654847145080566,5.0649986267089844,-0.4469163715839386,-0.23737670481204987
4.9201688766479492,4.391571044921875,0.49961346387863159,-1.0123531818389893
-0.50971865653991699,0.18596911430358887,4.6972556114196777,4.23834228515625
0.069083236157894135,-0.52493858337402344,4.8767642974853516,4.5110869407653809
-0.79880231618881226,1.1588393449783325,4.9980711936950684,4.5165672302246094
6.4246749877929688,4.4651455879211426,0.73053115606307983,0.63755440711975098
3.5024981498718262,0.96690654754638672,4.5846352577209473,-0.6653212308883667
6.3222055435180664,0.25966817140579224,4.6149230003356934,-0.56483101844787598
0.34283816814422607,0.35462415218353271,5.5621399879455566,5.0639901161193848
4.6497530937194824,5.0075054168701172,-0.12725357711315155,0.080487757921218872
5.1649160385131836,4.1629238128662109,0.40464341640472412,0.62718427181243896
-0.028973517939448357,-0.022034697234630585,0.14681622385978699,0.0050499308854341507
1.3514811992645264,-0.13549141585826874,1.1699056625366211,-0.083150558173656464
6.3247895240783691,6.4236831665039062,0.42207357287406921,0.40676915645599365
5.4601068496704102,5.2329473495483398,-0.32864668965339661,-0.29992756247520447
-0.17051504552364349,-0.06827235221862793,4.8738522529602051,5.9741568565368652
0.090987175703048706,0.04741465300321579,5.5626373291015625,4.4886622428894043
4.5313363075256348,6.2459216117858887,0.12583234906196594,-0.47443944215774536
-0.57443898916244507,-0.96622687578201294,-1.0138256549835205,-0.53863853216171265
-0.18260467052459717,-0.048965372145175934,0.084464177489280701,-0.017712119966745377
5.9185271263122559,5.0907812118530273,0.57606762647628784,0.38572004437446594
-0.28698354959487915,0.17175896465778351,4.3840832710266113,4.9759769439697266
5.1655783653259277,0.828296959400177,5.4755463600158691,-0.72528177499771118
0.77566790580749512,-0.43176290392875671,4.3849811553955078,5.3800778388977051
0.25440642237663269,-1.2233030796051025,5.1725606918334961,5.9908919334411621
5.3166589736938477,4.6835894584655762,0.31407767534255981,0.32238116860389709
-0.39229798316955566,-0.47548213601112366,3.9129836559295654,4.2835841178894043
5.073005199432373,-1.1465240716934204,4.904487133026123,0.55986505746841431
4.4078822135925293,0.11715082824230194,4.9899172782897949,-0.8667987585067749
-0.45335668325424194,0.079930424690246582,4.3004093170166016,4.9870810508728027
-0.6965939998626709,-0.56801819801330566,-0.087283484637737274,-0.26223146915435791
4.7343192100524902,1.2880287170410156,5.012993335723877,0.46055153012275696
5.2009687423706055,0.87842929363250732,4.3852863311767578,0.37448084354400635
-0.060395140200853348,-0.37478235363960266,5.3146047592163086,4.5066008567810059
-0.58532208204269409,0.80192846059799194,-0.4545598030090332,-1.3314487934112549
4.4160699844360352,4.2956418991088867,-0.70094877481460571,0.43015384674072266
-0.80447190999984741,0.088092423975467682,0.63127440214157104,-0.30395230650901794
0.24846144020557404,1.3662964105606079,4.8868832588195801,4.722693920135498
0.16449746489524841,0.55793184041976929,0.87239807844161987,-0.26748621463775635
-0.8483777642250061,-0.23285883665084839,4.1874208450317383,5.9788150787353516
3.9908416271209717,3.7007114887237549,0.055582489818334579,-0.70373034477233887
4.9579482078552246,0.43533477187156677,4.8594202995300293,-0.49938252568244934
4.7238144874572754,-0.4981844425201416,4.0310349464416504,-0.28710919618606567
4.2757124900817871,6.0084195137023926,0.43742388486862183,-0.69128656387329102
5.6242647171020508,0.78825867176055908,5.2678117752075195,-0.040386196225881577
4.9602770805358887,0.21082630753517151,5.1825480461120605,-0.20720979571342468
-0.011914666742086411,0.84611624479293823,-0.18161246180534363,-0.29952561855316162
0.36933374404907227,-0.9215768575668335,0.73451954126358032,0.25356766581535339
0.25222977995872498,1.3041608333587646,4.835242748260498,5.4129552841186523
4.8032269477844238,5.970644474029541,-0.48345854878425598,-0.12956571578979492
4.3193264007568359,5.7378401756286621,0.16187770664691925,0.0027522756718099117
0.70936095714569092,0.28014278411865234,4.595923900604248,4.3485574722290039
3.9735286235809326,4.5148501396179199,-1.5808719396591187,0.19767361879348755
5.827669620513916,-0.28894516825675964,5.1652011871337891,-0.14656892418861389
-0.32460319995880127,-0.24213248491287231,4.8664760589599609,4.8194966316223145
1.2452800273895264,0.8155863881111145,0.39187818765640259,-0.37104231119155884
4.8771438598632812,-1.1542248725891113,5.3233413696289062,0.16505330801010132
-0.33085018396377563,-0.19540083408355713,5.1474132537841797,5.6438560485839844
5.0247182846069336,0.33859255909919739,4.7822918891906738,0.3138764500617981
5.7902283668518066,3.9805729389190674,-0.46158027648925781,-0.14113597571849823
3.9142098426818848,4.6802277565002441,0.40174701809883118,0.25694695115089417
-0.18479327857494354,0.94756007194519043,1.0727084875106812,-0.18900106847286224
0.17673671245574951,0.1019483283162117,-0.53404444456100464,0.020043753087520599
0.088662490248680115,0.67226922512054443,0.7402382493019104,0.74393367767333984
0.069570921361446381,-0.045581787824630737,1.1192456483840942,-1.1723041534423828
-0.19399911165237427,0.55282241106033325,0.93988418579101562,0.23255951702594757
4.3157801628112793,5.3363924026489258,-0.25011849403381348,0.21259944140911102
6.7167916297912598,0.64341431856155396,5.0713682174682617,0.24342162907123566
-0.87083214521408081,0.018476055935025215,4.0638542175292969,4.1727666854858398
0.59024643898010254,-0.60495191812515259,-0.15568020939826965,0.97976976633071899
-0.66470479965209961,-0.8151429295539856,4.6856164932250977,6.1467399597167969
3.8006644248962402,0.45714369416236877,5.5319461822509766,-0.42759108543395996
5.0904335975646973,-0.25383248925209045,4.5415048599243164,0.034909259527921677
1.265380859375,-0.49038821458816528,-0.39091020822525024,-0.2419714629650116
0.37751439213752747,0.41311648488044739,5.0535597801208496,4.8981995582580566
4.0174126625061035,0.23502974212169647,4.4680800437927246,-0.18514122068881989
4.604914665222168,-0.69182372093200684,3.9747569561004639,0.63964587450027466
4.5498151779174805,3.9926831722259521,0.2621435821056366,0.81258660554885864
-0.68707913160324097,-0.8867378830909729,3.9689559936523438,4.589104175567627
0.61656796932220459,0.89696395397186279,-0.19863930344581604,0.7391362190246582
1.4868242740631104,0.274637371301651,5.6826295852661133,5.1356158256530762
-0.87198984622955322,-0.16296480596065521,0.2339218407869339,-0.24813544750213623
5.4933586120605469,0.31276443600654602,5.3490753173828125,0.033013951033353806
-0.63986879587173462,-0.056702926754951477,-0.60118049383163452,0.33869427442550659
0.65658402442932129,-0.90215164422988892,4.2382769584655762,5.018552303314209
5.1323575973510742,0.5238301157951355,5.4947404861450195,1.5405377149581909
4.8300561904907227,0.56780153512954712,4.2685956954956055,0.16275891661643982
0.42603045701980591,-0.80501055717468262,5.7970156669616699,4.1377573013305664
1.3262860774993896,0.84519624710083008,5.2158498764038086,4.6883230209350586
0.84723997116088867,-0.085703320801258087,0.028952676802873611,-0.21533499658107758
4.8820409774780273,-0.45529595017433167,5.1863470077514648,-0.38705030083656311
0.45323073863983154,1.9487857818603516,4.2472314834594727,4.4562215805053711
4.3435397148132324,-0.1027270033955574,5.2886714935302734,0.0314292311668396
5.2581081390380859,3.9854557514190674,0.61625128984451294,0.63444924354553223
0.57632982730865479,0.057395447045564651,4.4303250312805176,3.4005696773529053
5.2754359245300293,5.3660902976989746,-0.10532527416944504,0.33398747444152832
-0.35787323117256165,0.6703723669052124,-0.51053845882415771,0.5553322434425354
4.9729480743408203,5.2286925315856934,0.057585068047046661,0.40659785270690918
4.6510887145996094,-0.067716434597969055,4.7376222610473633,-0.46329867839813232
0.26571795344352722,-0.34622445702552795,0.58805191516876221,-0.86490553617477417
-0.18613840639591217,0.3632851243019104,4.2914347648620605,5.930539608001709
-0.13369786739349365,-0.41571804881095886,-0.060636390000581741,0.61680543422698975
-0.37955206632614136,0.54146230220794678,5.0246357917785645,3.6940085887908936
0.64031410217285156,-0.22727386653423309,3.9119932651519775,4.0611886978149414
0.20243754982948303,-1.2576805353164673,4.8476052284240723,4.3658523559570312
-0.57218742370605469,0.49819973111152649,-0.5520474910736084,-0.8454134464263916
0.15070414543151855,-0.16549019515514374,-0.39925527572631836,1.1899693012237549
4.6711106300354004,5.01531982421875,0.42725783586502075,0.84995138645172119
0.061941608786582947,0.96942627429962158,0.48112285137176514,0.21663470566272736
1.1196099519729614,-0.10450643301010132,4.2334847450256348,5.1591324806213379
4.375403881072998,5.1417474746704102,-0.058046035468578339,-0.15062028169631958
5.1319904327392578,5.0897035598754883,-0.94954818487167358,-0.46193936467170715
-0.85427695512771606,0.921356201171875,0.50403302907943726,0.015918036922812462
5.3696103096008301,-0.18587180972099304,4.6652441024780273,1.362558126449585
-0.86493790149688721,-0.48110035061836243,0.59235161542892456,-0.81310063600540161
-1.0210589170455933,-0.44388896226882935,4.2418785095214844,5.7481341361999512
0.33432778716087341,-1.2583664655685425,5.7673201560974121,5.7571024894714355
-0.45030668377876282,-1.12135910987854,-0.36558818817138672,-0.075928330421447754
3.8174402713775635,5.7812061309814453,-0.48022881150245667,0.30748817324638367
4.2053217887878418,4.9679694175720215,-0.26722902059555054,-0.31050547957420349
0.64531975984573364,0.045726761221885681,4.3484988212585449,4.0935177803039551
0.10550105571746826,0.13834491372108459,-1.3172904253005981,0.61648350954055786
5.1247549057006836,0.72286933660507202,5.0072612762451172,0.25119891762733459
0.53592163324356079,-0.1660982221364975,1.0889196395874023,0.4254443347454071
5.1191658973693848,4.8983917236328125,0.056787937879562378,0.9899212121963501
-1.9087694883346558,0.56051737070083618,0.15915296971797943,-0.15085364878177643
0.011809917166829109,0.67522525787353516,6.0220422744750977,5.2991046905517578
-0.83650285005569458,0.58711940050125122,-0.15215303003787994,0.25504162907600403
4.4400582313537598,4.3047938346862793,-0.52841854095458984,0.42602810263633728
-0.9774245023727417,0.11944461613893509,0.20368361473083496,0.14657457172870636
0.22145858407020569,-0.26835724711418152,4.9668755531311035,5.0894951820373535
6.3713936805725098,-0.27115258574485779,4.8129439353942871,-0.56205034255981445
5.2919268608093262,0.17134620249271393,5.1409931182861328,-0.65143978595733643
6.1592912673950195,5.9270286560058594,-0.17241007089614868,0.70344561338424683
-0.13927741348743439,-1.0309776067733765,-0.47132757306098938,-0.51389813423156738
-0.32246702909469604,-0.50320231914520264,-1.0268199443817139,0.13704006373882294
5.4716610908508301,-0.015481585636734962,4.4197545051574707,-0.61781817674636841
-0.75142371654510498,-0.22966690361499786,4.5754218101501465,5.2432022094726562
-0.7944989800453186,0.51055848598480225,5.1660919189453125,6.2969164848327637
3.2190601825714111,4.8805265426635742,-0.14526066184043884,-0.88428491353988647
-1.3354308605194092,-0.28602758049964905,4.5488185882568359,5.4909200668334961
-0.26499250531196594,0.84805244207382202,4.2040233612060547,4.4121785163879395
0.074786476790904999,0.55951875448226929,0.021642576903104782,0.8243681788444519
4.7900018692016602,-0.60929811000823975,5.6816883087158203,-0.097964249551296234
-1.1420996189117432,-1.0657311677932739,4.5356040000915527,4.0278992652893066
4.3075733184814453,5.1405982971191406,0.71092754602432251,-0.56605631113052368
4.5264897346496582,6.4402918815612793,-0.38573059439659119,-0.12867042422294617
5.5396413803100586,4.7052145004272461,1.5059243440628052,0.038783840835094452
0.18962399661540985,-0.83079785108566284,4.7564725875854492,4.9288811683654785
4.503807544708252,4.3559551239013672,0.57496333122253418,-0.97255247831344604
-0.96874231100082397,-0.79583626985549927,0.28482946753501892,-0.41635653376579285
4.9001407623291016,4.7920689582824707,-0.091851569712162018,-0.20067067444324493
3.9341647624969482,5.5811400413513184,-0.64797115325927734,0.60319620370864868
4.5998697280883789,0.18631690740585327,5.1613807678222656,-1.2026118040084839
-0.18477904796600342,0.61515408754348755,5.611229419708252,4.4624238014221191
5.7335152626037598,0.70352405309677124,4.9243850708007812,-0.8680911660194397
0.53751736879348755,0.14380751550197601,-0.13684791326522827,0.93763083219528198
5.1223430633544922,0.21534678339958191,6.1276483535766602,-0.55003523826599121
-0.12959904968738556,-0.58287745714187622,-0.49236628413200378,1.4944779872894287
4.7071962356567383,5.3992214202880859,-0.1771225780248642,0.62760597467422485
0.36123138666152954,0.049381248652935028,-0.35388770699501038,1.1322296857833862
4.1635398864746094,4.5355052947998047,1.1006969213485718,-0.99178588390350342
4.7875018119812012,4.7950930595397949,0.59101384878158569,-0.11590220034122467
5.7386298179626465,0.12505115568637848,5.2081289291381836,1.4357141256332397
-0.48804348707199097,1.4525150060653687,-0.20300929248332977,0.34638085961341858
-0.91600328683853149,0.76870423555374146,5.7269582748413086,4.6908454895019531
5.0005478858947754,-0.54971915483474731,5.4577832221984863,-0.39668110013008118
0.17709474265575409,0.39263096451759338,0.23026047646999359,0.37195912003517151
6.0239224433898926,-0.52744072675704956,4.9254446029663086,-0.95046591758728027
-0.54449760913848877,0.34734886884689331,5.1334929466247559,5.5490798950195312
4.6840314865112305,-0.74978023767471313,3.9255387783050537,-0.95660829544067383
0.74400514364242554,-0.85720431804656982,-1.5294250249862671,-0.38331088423728943
-0.16074109077453613,0.10900105535984039,0.36656796932220459,-0.20149655640125275
0.18254180252552032,0.55065047740936279,0.85906237363815308,0.16260567307472229
0.28218206763267517,-0.55619347095489502,-0.36918222904205322,0.64444470405578613
0.77171528339385986,0.5684400200843811,0.92302727699279785,0.60368961095809937
5.5501861572265625,0.74712103605270386,5.421360969543457,-0.18812006711959839
4.9754161834716797,0.39428818225860596,5.8694219589233398,-0.98032897710800171
-0.77349770069122314,0.67050516605377197,5.863184928894043,6.0718588829040527
-0.047578420490026474,0.06724664568901062,-0.17411164939403534,-0.93232077360153198
0.44393688440322876,1.0476113557815552,0.31326261162757874,0.65371376276016235
5.7660560607910156,0.56719815731048584,5.0971879959106445,-0.2942943274974823
0.39907968044281006,0.12549562752246857,-0.5275689959526062,-0.14165984094142914
4.0863857269287109,4.6477375030517578,0.17947086691856384,1.3328413963317871
0.075733870267868042,0.10811115056276321,4.7515578269958496,5.077878475189209
-0.67882925271987915,0.73812305927276611,0.52682507038116455,0.27106994390487671
-0.28645515441894531,0.3973846435546875,5.2607207298278809,5.9904403686523438
-0.65908366441726685,-0.40915468335151672,0.059477299451828003,-0.36653274297714233
1.0244654417037964,-0.49192139506340027,5.8378443717956543,4.9096775054931641
-0.11046177893877029,0.3217683732509613,5.2941799163818359,5.6377453804016113
1.1168557405471802,-0.58937352895736694,5.970573902130127,5.2695746421813965
-1.0452282428741455,0.8234553337097168,3.6053702831268311,4.5027079582214355
4.5299253463745117,4.9726977348327637,0.46243387460708618,-0.40404504537582397
0.47716233134269714,0.11567060649394989,-0.90298563241958618,-0.42505159974098206
4.6806378364562988,3.6906635761260986,0.3176405131816864,0.34844380617141724
6.1914825439453125,5.7848577499389648,-0.54786628484725952,-0.20460779964923859
4.608919620513916,4.7797894477844238,-0.065722234547138214,0.66909676790237427
3.7058227062225342,0.49617442488670349,5.1531662940979004,0.40253633260726929
4.9447836875915527,-1.2303527593612671,5.8348488807678223,-0.59933465719223022
4.7615599632263184,0.3250286877155304,5.0057768821716309,0.22673176229000092
4.9170036315917969,0.21779340505599976,5.7732772827148438,-0.13414499163627625
-0.49545899033546448,-0.95494788885116577,5.4290118217468262,4.8802876472473145
4.5886030197143555,5.1036992073059082,-0.55328100919723511,0.03227706253528595
4.5243711471557617,4.2362217903137207,-0.29749035835266113,0.45205843448638916
4.7557973861694336,4.4792628288269043,-1.8662773370742798,0.14991028606891632
4.3107976913452148,0.37579265236854553,4.584343433380127,-0.26646289229393005
5.6694564819335938,4.9366216659545898,0.17934070527553558,-0.030162094160914421
4.4723258018493652,4.8462071418762207,-0.041203778237104416,-0.2806675136089325
5.7675938606262207,4.5687603950500488,-0.52102792263031006,-1.5783462524414062
-0.8725663423538208,-1.2120822668075562,-0.40088573098182678,0.14770641922950745
5.5053372383117676,5.2337679862976074,0.10164754092693329,-0.39874476194381714
4.6380710601806641,-1.4351953268051147,5.0435066223144531,-1.1900197267532349
0.078933015465736389,0.63753950595855713,3.6809802055358887,6.0598306655883789
5.4586668014526367,0.10120543092489243,4.4474625587463379,0.47756391763687134
4.4497189521789551,5.0586514472961426,-0.043089471757411957,-0.25349912047386169
5.1424365043640137,-0.28453764319419861,5.523831844329834,-0.78148859739303589
-0.026813440024852753,-1.2801754474639893,-1.2305260896682739,-1.1648083925247192
4.3288698196411133,0.28854095935821533,4.9562492370605469,1.0361101627349854
5.3460230827331543,0.1837708055973053,4.2229433059692383,0.61201143264770508
3.6189546585083008,4.7653141021728516,0.47634118795394897,0.15211708843708038
5.9264068603515625,5.1664667129516602,-0.26868891716003418,0.40311166644096375
0.71779274940490723,0.48530346155166626,-0.23644724488258362,-0.31939682364463806
-0.12100613117218018,0.2850959300994873,4.4976992607116699,5.1702580451965332
-0.25936293601989746,0.39257723093032837,4.0676689147949219,5.0300197601318359
5.2081689834594727,0.29404294490814209,4.2301850318908691,-0.17515794932842255
4.708773136138916,4.6261391639709473,-0.2710869312286377,0.46042650938034058
-0.11718364804983139,1.161573052406311,5.3205442428588867,4.4974112510681152
5.13787841796875,5.3352622985839844,0.21252360939979553,-0.090305186808109283
4.9432077407836914,5.2265839576721191,1.0576968193054199,-0.3117886483669281
1.0261197090148926,-0.19888025522232056,5.159604549407959,3.8752014636993408
-0.20144939422607422,-1.0268207788467407,-0.29695150256156921,0.23296560347080231
-0.52519488334655762,-0.1438029408454895,0.32668256759643555,0.95892488956451416
4.320467472076416,-0.28346559405326843,4.7982072830200195,0.59103375673294067
-0.33961236476898193,-1.2095646858215332,0.80503350496292114,0.73785305023193359
4.4153695106506348,0.475868821144104,5.043734073638916,-0.42931801080703735
0.56704938411712646,-0.043345816433429718,6.4126677513122559,4.9231705665588379
5.1486444473266602,0.82067310810089111,3.6380419731140137,0.45475709438323975
4.9371953010559082,4.912750244140625,-0.76359724998474121,-0.22971029579639435
5.0166568756103516,5.906013011932373,0.44790354371070862,0.25845041871070862
4.4556341171264648,4.3040165901184082,0.37196147441864014,-1.2305327653884888
1.4105602502822876,-0.65728950500488281,4.9942355155944824,4.8164362907409668
0.48526182770729065,-0.19478334486484528,-1.2703568935394287,0.24259154498577118
5.4704842567443848,5.6650505065917969,-0.51369559764862061,1.4559441804885864
5.1021418571472168,-0.90097075700759888,5.6356372833251953,-0.21885350346565247
5.0955185890197754,1.0592505931854248,5.6018619537353516,0.2868349552154541
5.4068107604980469,5.3423933982849121,-0.32420754432678223,0.50122720003128052
0.26062318682670593,0.33839523792266846,4.7478132247924805,3.6627583503723145
0.46833264827728271,-0.48954930901527405,-0.94009840488433838,-0.40365692973136902
4.7332592010498047,5.1030268669128418,-0.063955105841159821,0.797524094581604
5.7629098892211914,4.5662856101989746,0.24200116097927094,-0.40979555249214172
4.1159648895263672,4.8845243453979492,0.35904321074485779,0.23685599863529205
1.0956063270568848,-0.19320181012153625,6.2005338668823242,5.2822942733764648
4.9507036209106445,0.51132887601852417,5.8486151695251465,-0.41364565491676331
5.1242399215698242,-0.236613929271698,5.5101571083068848,0.81262052059173584
4.9651045799255371,-0.37270084023475647,4.2582278251647949,0.023797091096639633
-0.50583118200302124,-0.0086487196385860443,5.0262799263000488,4.2543187141418457
-0.27989235520362854,0.3625451922416687,5.4643797874450684,4.3833589553833008
5.9098691940307617,0.50874698162078857,4.4839911460876465,0.78952062129974365
1.2443767786026001,0.38923504948616028,-0.61239296197891235,0.39839997887611389
-0.63404804468154907,0.78244692087173462,4.0738120079040527,5.5722770690917969
0.21314927935600281,0.48964497447013855,4.9861407279968262,4.9603996276855469
4.6774239540100098,3.9922266006469727,-0.6016848087310791,1.0150246620178223
5.0541896820068359,5.8537807464599609,-0.53225183486938477,0.27038750052452087
0.20912297070026398,0.58972412347793579,-0.30843311548233032,0.13539563119411469
-0.31051141023635864,-0.30856141448020935,4.9738278388977051,5.6690192222595215
0.17238077521324158,0.8007965087890625,5.188654899597168,4.5687747001647949
1.0008449554443359,-0.96196770668029785,4.4879989624023438,5.1283674240112305
-0.64856201410293579,0.01880558580160141,4.8967394828796387,5.6144728660583496
4.761289119720459,6.0049538612365723,0.60034811496734619,0.98397135734558105
5.1783251762390137,5.3880643844604492,0.35624781250953674,0.79785817861557007
5.2240571975708008,0.31012329459190369,6.5179071426391602,-0.49888664484024048
0.040550690144300461,-1.1412642002105713,4.5032057762145996,4.5945444107055664
0.20798042416572571,-0.76125383377075195,5.064063549041748,4.774019718170166
-0.09874282032251358,-0.52186232805252075,4.9618043899536133,4.956089973449707
5.1139898300170898,4.6576189994812012,1.1681579351425171,-0.13458533585071564
4.9587807655334473,0.99170184135437012,4.6797699928283691,0.63827627897262573
0.54987013339996338,-0.084547095000743866,-0.43565413355827332,0.18062837421894073
0.42632976174354553,-0.40593251585960388,0.54320842027664185,0.12147439271211624
-0.011453812010586262,-0.080615192651748657,0.71941149234771729,-0.63480275869369507
5.7878761291503906,5.7541818618774414,0.58299803733825684,-0.045599840581417084
0.1022316962480545,0.23199218511581421,-0.58179652690887451,-0.35862788558006287
5.3472900390625,4.7803006172180176,-0.20534802973270416,-1.0340789556503296
0.13674291968345642,-1.3199031352996826,6.461184024810791,5.2158041000366211
-0.36747592687606812,0.42433962225914001,3.8828425407409668,4.6867671012878418
5.4404182434082031,4.7883286476135254,1.0948245525360107,1.2380743026733398
3.8896989822387695,5.1492586135864258,0.48800778388977051,-0.30062916874885559
4.4188733100891113,-0.081246636807918549,4.6284966468811035,0.28080818057060242
5.3765759468078613,-0.13358940184116364,4.8276214599609375,0.88216233253479004
5.744166374206543,5.2698712348937988,-0.59615159034729004,0.37503546476364136
4.095858097076416,5.1464118957519531,-0.22049818933010101,-0.44862154126167297
5.7095580101013184,5.0093884468078613,0.23681768774986267,-0.9639744758605957
-0.80051314830780029,1.0697592496871948,5.3915657997131348,5.4474124908447266
-0.35779216885566711,-0.5869327187538147,-1.1832455396652222,-0.47116678953170776
4.2023048400878906,0.29819908738136292,4.7854046821594238,-0.29665935039520264
4.8907318115234375,0.21944521367549896,4.8051366806030273,0.0022942095529288054
0.029483126476407051,-0.40071463584899902,4.5692048072814941,4.8973679542541504
5.2472457885742188,4.0138134956359863,0.48550713062286377,0.67362666130065918
4.7465877532958984,5.2556719779968262,0.66454464197158813,-0.56740355491638184
-0.011792195960879326,0.39749947190284729,0.36442705988883972,0.15491616725921631
5.1818099021911621,0.43461659550666809,4.4649968147277832,0.62735271453857422
-0.58345341682434082,0.14269407093524933,5.0347657203674316,5.2743072509765625
-0.420693039894104,0.22129714488983154,0.3433099091053009,-0.16937991976737976
0.82705914974212646,-0.021178197115659714,0.25054427981376648,-0.29769918322563171
3.2281177043914795,4.822296142578125,-0.75492733716964722,-0.10397856682538986
5.5735020637512207,0.44310426712036133,4.8355240821838379,-0.51306676864624023
5.6360206604003906,5.2569413185119629,-0.4214702844619751,1.420881986618042
0.81057631969451904,1.2153433561325073,5.0262575149536133,4.639258861541748
4.7590665817260742,-0.15183514356613159,4.9823570251464844,-0.2238546758890152
5.5039920806884766,-0.75124454498291016,4.4514198303222656,0.073534414172172546
5.1292634010314941,-0.28538325428962708,6.3935441970825195,-1.2914791107177734
4.6172137260437012,5.1738080978393555,0.84789186716079712,0.22440822422504425
0.33170878887176514,0.44794470071792603,5.7675490379333496,5.6805424690246582
5.2222104072570801,5.0626988410949707,-0.88921982049942017,1.4748842716217041
4.7665858268737793,5.2442641258239746,0.5998656153678894,-1.0176937580108643
4.7239441871643066,0.18088893592357635,4.7267823219299316,0.61420023441314697
4.8404684066772461,0.52322334051132202,5.0490365028381348,0.09090811014175415
0.3008648157119751,1.1407204866409302,-1.5411221981048584,0.99081915616989136
-0.031411696225404739,0.72062200307846069,-0.18250110745429993,-0.075038962066173553
-0.8113027811050415,0.29919704794883728,0.30912229418754578,1.002271294593811
0.18514712154865265,0.19678959250450134,3.7572338581085205,3.4130849838256836
4.7798023223876953,-0.62212061882019043,4.9822835922241211,-0.55757755041122437
5.456489086151123,5.3768420219421387,-0.29213359951972961,0.616233229637146
4.2747330665588379,4.1666045188903809,1.1098067760467529,0.59651684761047363
-1.1451340913772583,-0.29810550808906555,-0.079528160393238068,-0.23457233607769012
-0.29864963889122009,1.2387745380401611,-0.23113691806793213,-0.14403150975704193
4.6177730560302734,4.6993436813354492,0.1836392879486084,-0.066574990749359131
5.4057393074035645,5.312553882598877,-0.579609215259552,0.98361194133758545
-1.1216466426849365,0.32633599638938904,5.2339305877685547,4.2020421028137207
4.3588685989379883,-0.27415189146995544,5.1791877746582031,-0.039759449660778046
-0.075603246688842773,-0.37882238626480103,-1.193835973739624,-0.12310296297073364
-0.44177064299583435,0.53312122821807861,-0.16443803906440735,1.0012438297271729
-0.11474508792161942,1.1129883527755737,-0.34018817543983459,0.083396069705486298
-0.71898013353347778,0.10666938871145248,4.7236385345458984,5.0258193016052246
-0.49455276131629944,-0.51432442665100098,-0.39486414194107056,-0.34614595770835876
-0.55171960592269897,-0.0014822183875367045,0.79444020986557007,-0.9836762547492981
-1.0463210344314575,-1.3119274377822876,4.6324071884155273,5.036191463470459
5.2298226356506348,4.5594592094421387,0.36915907263755798,-0.39011171460151672
-0.3246416449546814,0.69172495603561401,5.6774744987487793,4.0297670364379883
-0.33356466889381409,-0.87462210655212402,-0.39655771851539612,-0.033376418054103851
5.6653752326965332,5.0474796295166016,-0.11213656514883041,-0.26388299465179443
0.4006461501121521,1.2575861215591431,-1.2532410621643066,-0.01325059961527586
-0.41620743274688721,-0.65820509195327759,5.1875405311584473,5.1524214744567871
5.5279955863952637,4.6273069381713867,-0.59808826446533203,0.22623883187770844
-0.22738401591777802,-0.080686599016189575,5.5232572555541992,4.8057470321655273
-0.25874918699264526,0.67589235305786133,0.18259304761886597,0.63672280311584473
5.0998668670654297,4.7043027877807617,0.3346804678440094,1.3872547149658203
5.0843119621276855,4.421299934387207,0.52113276720046997,-0.47848016023635864
4.9354720115661621,-0.16153915226459503,4.9387187957763672,0.068726189434528351
-0.1511925607919693,-0.33970633149147034,0.11383530497550964,0.80598843097686768
0.24001222848892212,0.20214563608169556,0.34485942125320435,0.6891670823097229
5.5965023040771484,-0.0804285928606987,4.8311061859130859,0.51033538579940796
4.7636756896972656,4.859400749206543,-0.33420407772064209,-0.81249797344207764
5.8710575103759766,4.2876577377319336,0.50405591726303101,-0.087797567248344421
-0.50099825859069824,1.0386303663253784,5.0166831016540527,4.5394930839538574
1.2008743286132812,-0.55954736471176147,0.44823822379112244,-1.3459197282791138
0.49217581748962402,-1.0930343866348267,5.2268662452697754,3.6200933456420898
4.7830848693847656,4.6730403900146484,-0.27135196328163147,0.67097806930541992
3.7246088981628418,-0.61650687456130981,4.9312114715576172,0.96045869588851929
4.7611703872680664,0.79015046358108521,5.2095613479614258,-0.23383501172065735
4.7914414405822754,-0.064924977719783783,4.9439029693603516,-1.2023074626922607
0.86697137355804443,-0.48292887210845947,-0.32027691602706909,0.83463382720947266
5.2257418632507324,0.1718408614397049,4.0262236595153809,-0.59950333833694458
3.9073307514190674,5.2259368896484375,0.51888066530227661,0.089786969125270844
5.1636123657226562,0.61073625087738037,4.4791388511657715,0.61586260795593262
4.4343152046203613,-0.35309618711471558,4.7431702613830566,-0.073609963059425354
3.979464054107666,-0.7291942834854126,4.7977848052978516,0.94874352216720581
5.551422119140625,0.5899200439453125,5.2522034645080566,-0.52916181087493896
0.3610234260559082,0.031629215925931931,-0.056043792515993118,-0.75735622644424438
-0.24001362919807434,-0.19199766218662262,-0.22267803549766541,0.40053552389144897
0.86248302459716797,0.19160120189189911,4.5408463478088379,4.4589595794677734
4.8126769065856934,4.9721293449401855,0.44014269113540649,0.40141591429710388
-1.0112305879592896,-0.29086548089981079,5.0583162307739258,4.8914585113525391
0.54657125473022461,-0.31079843640327454,6.4921021461486816,5.2281522750854492
-0.40500050783157349,-0.12164840847253799,3.7935926914215088,3.7160177230834961
5.0823869705200195,4.7877998352050781,0.96664750576019287,0.29378741979598999
-0.55394506454467773,0.080773204565048218,4.4966006278991699,4.468571662902832
4.2173242568969727,5.61114501953125,-0.15907733142375946,-0.79814600944519043
0.26485958695411682,-0.5580209493637085,5.4337906837463379,5.1858911514282227
-0.53921222686767578,0.65442031621932983,5.3827099800109863,5.3212509155273438
-0.32494327425956726,0.27528658509254456,5.1690897941589355,5.2910995483398438
0.43444913625717163,-0.5225178599357605,4.7658853530883789,4.6427559852600098
-1.5374273061752319,-0.20615345239639282,-0.37635770440101624,-0.046422969549894333
4.4376692771911621,0.66081994771957397,6.6730895042419434,0.439238041639328
0.91773641109466553,0.82781308889389038,3.195087194442749,4.582460880279541
-0.0032316828146576881,0.17157121002674103,5.2266526222229004,6.1415786743164062
-1.0099102258682251,-0.11257877945899963,0.25237584114074707,0.35987627506256104
-0.02965126745402813,-1.1110358238220215,4.9580163955688477,5.4173235893249512
5.0272960662841797,-1.0990655422210693,5.0968146324157715,-0.50670135021209717
4.534477710723877,5.3606138229370117,0.24045310914516449,-1.1924511194229126
4.5887970924377441,0.16261717677116394,5.1936678886413574,0.083792895078659058
-0.023414900526404381,0.55235087871551514,0.27193519473075867,0.17692071199417114
0.50384575128555298,0.9261661171913147,1.1287661790847778,0.62443369626998901
-0.5048447847366333,0.68087726831436157,4.2422733306884766,5.3156285285949707
0.42973697185516357,-0.25306293368339539,4.948366641998291,5.0186419486999512
3.8795206546783447,5.5753850936889648,-0.19823113083839417,-0.25189578533172607
1.1945140361785889,-0.31312265992164612,0.088801108300685883,-0.28052583336830139
5.4626517295837402,5.4803671836853027,-0.030021058395504951,0.33684384822845459
-0.37355887889862061,0.86354303359985352,-0.67022126913070679,-0.48282930254936218
-0.062156729400157928,0.033306840807199478,4.7781248092651367,5.1098108291625977
-0.73952299356460571,0.50216317176818848,0.15273113548755646,0.66342860460281372
4.4402551651000977,4.4354109764099121,-0.041259437799453735,-0.56843185424804688
0.1785111129283905,0.0060068699531257153,5.3628191947937012,5.2052001953125
-1.2387155294418335,-0.51938849687576294,5.4338111877441406,5.6469326019287109
0.4063495397567749,0.097259640693664551,-0.29835137724876404,-1.1397508382797241
5.5018296241760254,-0.36127999424934387,4.4704790115356445,-0.67753303050994873
0.073346324265003204,-0.21029773354530334,4.74224853515625,6.0472903251647949
4.5270500183105469,4.7129278182983398,-0.14942650496959686,0.99840551614761353
5.3801822662353516,-0.18752811849117279,4.2108583450317383,0.3359869122505188
4.8780241012573242,4.5329890251159668,-0.84296059608459473,-0.05508856475353241
1.065464973449707,-0.39571794867515564,-0.66995179653167725,0.89380949735641479
5.3020124435424805,-0.1544593870639801,5.6311144828796387,0.11472606658935547
6.1159672737121582,5.7004256248474121,0.40336057543754578,-0.17335496842861176
-0.36569583415985107,0.75985151529312134,0.54216599464416504,-0.19137021899223328
5.6918330192565918,-0.017965557053685188,4.7491941452026367,-0.082261748611927032
0.58160948753356934,0.37573602795600891,-0.61068850755691528,1.1770855188369751
5.3823819160461426,0.68620699644088745,5.1140122413635254,-0.3767583966255188
6.063300609588623,4.5502710342407227,0.72579288482666016,0.66249257326126099
5.7069864273071289,-0.16057664155960083,4.8553361892700195,0.58867299556732178
5.6604213714599609,5.2766313552856445,0.20453403890132904,-1.0964105129241943
0.82616883516311646,0.38373848795890808,5.1591482162475586,5.3622956275939941
4.5696406364440918,-0.14329002797603607,5.5288705825805664,0.89702075719833374
0.41310763359069824,0.15957018733024597,-0.17576739192008972,0.11132296174764633
0.7608608603477478,0.049157526344060898,5.1717004776000977,5.3843550682067871
3.876746654510498,4.719386100769043,-0.32171967625617981,-1.2288082838058472
0.74884974956512451,-1.3260130882263184,0.31972607970237732,-0.042529582977294922
4.3536195755004883,0.38157787919044495,4.5497937202453613,0.35579010844230652
4.1154980659484863,0.41361013054847717,5.0668148994445801,-0.049631260335445404
4.9383430480957031,5.5058836936950684,0.73911261558532715,-0.28420203924179077
-1.0289196968078613,-0.132557213306427,-0.079579666256904602,-0.92669665813446045
4.5353589057922363,1.0392729043960571,6.2987236976623535,0.11795176565647125
0.50853240489959717,0.50711733102798462,-0.18672353029251099,0.53288471698760986
0.049941141158342361,0.74625569581985474,0.31658613681793213,-0.086016744375228882
5.7710509300231934,0.033515665680170059,4.2231779098510742,0.8645477294921875
0.16562695801258087,-1.7640835046768188,4.9249467849731445,4.5809330940246582
3.9733142852783203,0.60151821374893188,4.1807303428649902,-0.048002194613218307
4.310269832611084,-0.41134384274482727,4.5499978065490723,-0.90928763151168823
0.095871791243553162,-0.59499025344848633,4.2628931999206543,5.0251202583312988
4.7436723709106445,-0.25272047519683838,3.9720940589904785,0.15387484431266785
0.5442013144493103,1.0814613103866577,4.7992196083068848,4.9112000465393066
0.09053938090801239,-1.3347615003585815,-1.1022931337356567,-0.60504788160324097
-0.66571635007858276,-0.36923158168792725,-0.17632867395877838,-0.14069440960884094
-0.32928523421287537,0.74817579984664917,0.61567878723144531,-0.27063637971878052
0.61127305030822754,-0.26855736970901489,0.10601159930229187,-0.47096511721611023
-0.56724727153778076,0.7306368350982666,-0.58380091190338135,0.037816304713487625
4.0998106002807617,5.7415571212768555,-0.5840911865234375,-0.23959702253341675
0.33909842371940613,1.1768834590911865,5.4537343978881836,4.4057693481445312
0.10964325815439224,0.52126055955886841,3.8523850440979004,5.6085257530212402
-0.47803685069084167,-1.0223215818405151,-0.040970835834741592,-0.13973084092140198
4.9722881317138672,-1.1986688375473022,4.0859875679016113,0.40557283163070679
0.092176049947738647,-1.3459444046020508,0.061750058084726334,-0.385760098695755
-0.45997464656829834,-0.71591019630432129,4.0149507522583008,4.623626708984375
0.21885199844837189,-1.2940719127655029,5.208465576171875,4.0945100784301758
4.5838885307312012,4.7794485092163086,-0.67190629243850708,0.37518739700317383
4.7941064834594727,-0.76681286096572876,5.24298095703125,0.41261845827102661
0.44570961594581604,-1.1893635988235474,5.7395262718200684,4.4684610366821289
-0.17132262885570526,-0.7425999641418457,4.0630736351013184,6.1777758598327637
-1.0019302368164062,-0.3245353102684021,4.4899792671203613,4.3109121322631836
4.8413658142089844,-0.13155484199523926,4.2980794906616211,-0.30709794163703918
3.980027437210083,4.2205386161804199,0.10775689780712128,0.50244510173797607
-0.31609967350959778,0.86982792615890503,0.58336293697357178,-0.2401232123374939
-0.38220947980880737,-0.11805206537246704,0.0961899533867836,-0.37883120775222778
6.9047117233276367,5.5347599983215332,1.9798030853271484,1.3772975206375122
0.29472336173057556,0.41463324427604675,-0.060676660388708115,0.85814183950424194
0.26520970463752747,0.53240251541137695,5.0913004875183105,5.8677639961242676
0.12011890858411789,-0.064471647143363953,-0.09022919088602066,1.5950168371200562
4.6824827194213867,0.0062810727395117283,5.369926929473877,0.51447463035583496
-1.6063013076782227,-0.71813470125198364,-0.086652353405952454,0.57148313522338867
6.0876269340515137,0.4392913281917572,4.8501687049865723,-0.90304619073867798
-0.30975022912025452,-0.69169282913208008,4.7051863670349121,4.4381098747253418
4.4827747344970703,0.32163336873054504,4.529599666595459,0.095204450190067291
-0.37798139452934265,-0.18264679610729218,5.8047242164611816,4.2159333229064941
5.6449775695800781,-1.0140117406845093,5.3704838752746582,-0.52039617300033569
0.44741392135620117,-0.32788607478141785,5.8198928833007812,4.0831403732299805
0.79295146465301514,0.27285885810852051,4.6982598304748535,5.2103753089904785
5.1676816940307617,-0.38972067832946777,5.1762089729309082,0.516132652759552
-0.069003745913505554,0.44813898205757141,0.22445502877235413,-1.3772088289260864
-0.15014074742794037,-0.59407788515090942,4.0182094573974609,5.3539934158325195
-0.93430459499359131,-0.045988414436578751,0.58954256772994995,0.9943397045135498
0.15575727820396423,-0.99723970890045166,0.032666664570569992,0.24695660173892975
4.7975754737854004,-0.38992276787757874,5.2968025207519531,0.097283892333507538
4.7702207565307617,-0.51732057332992554,5.384331226348877,-0.73341786861419678
0.63161534070968628,-0.34497639536857605,0.1089816689491272,-0.45460361242294312
5.7267279624938965,4.8466930389404297,-0.86826658248901367,-0.39233049750328064
6.4722170829772949,5.1826391220092773,0.40401202440261841,-0.12714457511901855
0.27895641326904297,-0.3699268102645874,5.4164857864379883,4.9759235382080078
-0.056909885257482529,0.41681039333343506,4.8882603645324707,4.6446876525878906
4.4550008773803711,4.4568843841552734,0.45045003294944763,0.32608005404472351
-0.020001962780952454,0.27464914321899414,0.027011016383767128,-0.37985691428184509
1.0323582887649536,-0.31220665574073792,3.9990448951721191,5.0415182113647461
4.8582491874694824,6.1372065544128418,0.37906661629676819,-0.008509230799973011
6.0252189636230469,-0.045392617583274841,5.1960000991821289,-1.0021779537200928
4.8663458824157715,5.4296126365661621,0.65536212921142578,0.21735139191150665
5.1261982917785645,0.50389212369918823,4.2741785049438477,0.14592497050762177
6.4885520935058594,-0.29985666275024414,4.5587458610534668,-0.77796357870101929
5.016298770904541,0.34470158815383911,4.2048521041870117,0.061038065701723099
4.1283769607543945,-0.52713769674301147,4.5578975677490234,0.67750954627990723
-0.40418568253517151,0.68113183975219727,5.3863677978515625,5.5473647117614746
4.3658499717712402,5.5196247100830078,0.5109296441078186,0.5551532506942749
5.0539021492004395,4.9710292816162109,-0.17295047640800476,-0.0012692318996414542
-0.34337371587753296,-0.19157640635967255,4.6161255836486816,5.0890398025512695
0.22682365775108337,-0.881447434425354,4.3370246887207031,6.1724448204040527
5.9742927551269531,0.18461364507675171,6.1003232002258301,-0.37179699540138245
-0.58577615022659302,0.48112767934799194,5.5870871543884277,4.5143380165100098
-0.60502469539642334,-0.62816596031188965,4.3368043899536133,5.3172607421875
-0.15383970737457275,0.39612895250320435,5.0887608528137207,5.2949485778808594
5.5296902656555176,0.44304388761520386,4.8608736991882324,-0.1807454377412796
0.22561627626419067,1.0905686616897583,5.0126967430114746,4.3237705230712891
5.0626707077026367,4.5033245086669922,0.21935224533081055,-0.081451766192913055
5.943049430847168,5.2314515113830566,1.3121986389160156,0.94672447443008423
4.8388152122497559,3.7054314613342285,0.64413636922836304,0.63551229238510132
1.1091130971908569,0.071780025959014893,5.2380146980285645,5.1407232284545898
-0.90635788440704346,0.41929027438163757,4.4408440589904785,4.715064525604248
5.1686367988586426,5.7669429779052734,0.94692707061767578,-0.62390768527984619
0.54257607460021973,-0.67391735315322876,5.3795509338378906,4.9997587203979492
0.68319445848464966,0.32603752613067627,0.18503881990909576,0.030435912311077118
4.1285972595214844,4.9769878387451172,-0.21099746227264404,0.39059430360794067
4.6241879463195801,5.2402701377868652,-0.89078682661056519,0.841666579246521
3.8407547473907471,5.6521282196044922,0.54532396793365479,0.38027739524841309
-0.14343695342540741,0.034471854567527771,4.9124789237976074,5.267453670501709
-0.3001629114151001,1.0114891529083252,0.67885333299636841,0.50426489114761353
0.5924830436706543,-0.48381757736206055,0.64957845211029053,-0.78979122638702393
0.24925273656845093,0.80053466558456421,-0.040347762405872345,1.5610599517822266
4.8223299980163574,5.6771111488342285,-0.26636764407157898,-0.56295448541641235
5.8173332214355469,-0.97449618577957153,5.8572449684143066,-0.3484073281288147
4.9134221076965332,4.7996339797973633,0.36592742800712585,0.91401219367980957
0.7894366979598999,-0.72690939903259277,5.132235050201416,4.5123558044433594
0.39996644854545593,0.6120145320892334,5.779151439666748,3.803257942199707
0.39681828022003174,1.0534849166870117,1.1853200197219849,-0.2347027063369751
5.544032096862793,-1.8224120140075684,4.1483650207519531,0.14131906628608704
-0.37235966324806213,1.3109885454177856,0.22095148265361786,0.6073758602142334
4.1530542373657227,0.085060127079486847,5.6411514282226562,-0.93998020887374878
0.48614656925201416,0.082412585616111755,4.6105303764343262,5.1421856880187988
4.2194013595581055,4.1628241539001465,-0.31263178586959839,0.61310780048370361
-0.542167067527771,0.077582806348800659,-0.79592740535736084,-0.24396324157714844
4.8687539100646973,-0.36095866560935974,4.9588284492492676,-0.079162515699863434
0.33875280618667603,0.60364007949829102,4.6144008636474609,4.7944235801696777
0.36555382609367371,-0.81609565019607544,4.290102481842041,4.5642786026000977
-1.1016125679016113,-0.62937486171722412,6.0385222434997559,4.3006377220153809
0.14648796617984772,0.29909747838973999,4.2747626304626465,5.0513572692871094
-1.0628170967102051,-0.054097909480333328,5.0319838523864746,5.3462352752685547
1.3503661155700684,-0.18084394931793213,0.054804045706987381,-0.19954182207584381
-0.56580531597137451,-0.63426816463470459,5.3338546752929688,5.6497812271118164
1.0121337175369263,0.26092934608459473,4.3334832191467285,5.0763144493103027
-0.20328715443611145,-0.33899798989295959,5.1931476593017578,4.4204745292663574
5.3724279403686523,4.8616728782653809,1.3969340324401855,0.97647958993911743
4.5183672904968262,5.1595878601074219,0.89308679103851318,-0.64754068851470947
0.069956332445144653,1.0193984508514404,-0.43424195051193237,0.10507972538471222
5.3648405075073242,4.9947719573974609,-0.16968388855457306,-0.5494697093963623
5.9167652130126953,4.334373950958252,0.17996656894683838,0.19804216921329498
4.6237545013427734,4.7551031112670898,0.43222838640213013,-0.19172097742557526
-0.93856006860733032,-0.61067581176757812,0.24758686125278473,-0.58928656578063965
4.264650821685791,0.31697902083396912,4.8807764053344727,-0.34941273927688599
5.0755801200866699,-0.47359040379524231,5.4713945388793945,1.3971211910247803
5.1555986404418945,-0.23646105825901031,4.6706094741821289,0.22766478359699249
-0.16517190635204315,0.01649383082985878,0.073961704969406128,-0.5519060492515564
5.0298604965209961,-0.38411730527877808,5.1963982582092285,-0.25320997834205627
-0.18641863763332367,-0.072982802987098694,5.0415406227111816,4.594822883605957
4.747138500213623,-0.44701012969017029,5.5114798545837402,-0.27510678768157959
1.3477246761322021,0.12973147630691528,4.5546269416809082,4.3785624504089355
5.0519943237304688,6.0443415641784668,-0.36408114433288574,0.45297080278396606
0.7341083288192749,-0.20379495620727539,5.1536641120910645,5.4168028831481934
1.5709396600723267,0.34685331583023071,-0.27477356791496277,0.52007317543029785
-0.79522860050201416,-0.74454516172409058,5.3679537773132324,6.6160306930541992
4.9173445701599121,4.8989009857177734,-0.73965322971343994,-0.37667572498321533
4.9983987808227539,-0.26489630341529846,4.8173174858093262,-0.89556992053985596
0.72354567050933838,0.32626870274543762,3.870863676071167,5.4948482513427734
-0.197069451212883,0.051889676600694656,6.1250996589660645,5.4130516052246094
0.18857133388519287,0.017451023682951927,0.17225182056427002,0.055486250668764114
0.10887914896011353,1.0566123723983765,0.116337850689888,-0.063373006880283356
0.2248704582452774,-0.15193027257919312,4.7557811737060547,4.5247197151184082
-0.38551512360572815,0.08512590080499649,-0.15892618894577026,0.013341216370463371
6.5452718734741211,5.034083366394043,-1.0748162269592285,-0.22741599380970001
-0.6844143271446228,-0.20134405791759491,4.9527316093444824,6.5607538223266602
-0.18584828078746796,0.53636497259140015,4.7878503799438477,5.6464920043945312
5.2497458457946777,0.4716230034828186,5.2593555450439453,0.33646759390830994
5.258918285369873,1.1802607774734497,4.6514420509338379,0.56114882230758667
4.2985177040100098,5.0674300193786621,0.20221258699893951,-0.95730036497116089
-0.090103432536125183,0.1795908510684967,0.15456981956958771,-0.27932706475257874
-0.83947324752807617,0.22266559302806854,6.0016694068908691,5.6442246437072754
5.5504035949707031,6.1092758178710938,0.2991148829460144,0.13820452988147736
-0.55177533626556396,-0.30019986629486084,5.5847783088684082,4.4979677200317383
-0.67571616172790527,0.036401644349098206,5.3532919883728027,5.8021831512451172
4.9964990615844727,-0.037246856838464737,4.5635161399841309,-0.53093540668487549
4.2463202476501465,4.4636197090148926,-0.32757019996643066,1.364629864692688
5.1276750564575195,5.0768256187438965,-0.11531726270914078,-0.067320078611373901
4.666628360748291,4.3009934425354004,-0.7374303936958313,-1.9346779584884644
4.623013973236084,-0.54470080137252808,5.6120195388793945,0.21634356677532196
4.042999267578125,5.0516605377197266,-0.04009062796831131,-0.23396201431751251
3.514129638671875,0.88152229785919189,5.0367159843444824,-0.098531655967235565
5.6661772727966309,0.39227205514907837,5.1483545303344727,0.36336004734039307
6.0563106536865234,1.0343494415283203,5.7295360565185547,0.47249987721443176
0.75389987230300903,-0.51429581642150879,4.7993097305297852,5.9874982833862305
-0.048920337110757828,0.74819064140319824,4.3974123001098633,4.9756107330322266
0.088362947106361389,1.0007673501968384,0.35582548379898071,-1.3552836179733276
5.2127585411071777,-0.59518629312515259,4.340242862701416,1.2421659231185913
4.7977151870727539,3.8150804042816162,-0.10090494155883789,-0.39702907204627991
0.29559236764907837,-0.1620231568813324,5.0426406860351562,4.8140177726745605
0.49792006611824036,0.36610075831413269,-0.99414652585983276,-0.75223320722579956
5.5685667991638184,0.2065930962562561,4.9724130630493164,0.74056869745254517
5.6992573738098145,0.42220845818519592,5.6661882400512695,-0.16276898980140686
4.7473001480102539,4.1707258224487305,0.3713289201259613,-0.64685934782028198
5.2007617950439453,4.6124534606933594,0.34435379505157471,-0.57247132062911987
-0.063733592629432678,0.75278782844543457,-0.035552609711885452,0.5507129430770874
-0.77225190401077271,0.056132979691028595,0.26445266604423523,0.082208827137947083
-0.54483592510223389,-0.040681988000869751,-0.28169989585876465,0.29606571793556213
4.8296384811401367,0.17073942720890045,5.8674235343933105,0.018872328102588654
0.1599554717540741,0.62100934982299805,4.8861608505249023,5.2159585952758789
0.73459160327911377,-1.2818262577056885,1.0314486026763916,0.030287902802228928
5.492915153503418,4.041989803314209,-1.2085152864456177,-1.4117463827133179
4.2513399124145508,0.45976611971855164,4.7206282615661621,-0.36552488803863525
0.3607650101184845,1.08258056640625,0.15913337469100952,0.096760004758834839
-0.54525130987167358,-0.067310474812984467,1.1887375116348267,0.41689714789390564
5.5402069091796875,4.6919126510620117,-0.54779893159866333,0.49326705932617188
4.4276771545410156,-0.020264692604541779,5.1483325958251953,0.019313741475343704
-0.74453502893447876,-0.4353746771812439,-0.41117087006568909,-0.41043165326118469
5.0489301681518555,4.4971628189086914,-0.43015620112419128,1.3058768510818481
-0.48784613609313965,-0.74653375148773193,5.6160368919372559,4.8689594268798828
0.63887077569961548,0.27601239085197449,-0.062563680112361908,0.26911768317222595
-0.62941151857376099,0.072790339589118958,4.3096427917480469,4.8566961288452148
0.30960559844970703,-0.60663807392120361,0.092487804591655731,0.52173095941543579
5.5914483070373535,4.8949918746948242,0.24747832119464874,0.5253787636756897
-0.2109941840171814,0.28207910060882568,4.5714521408081055,4.3406157493591309
5.2710494995117188,-0.49298578500747681,4.8217172622680664,0.027826480567455292
-0.3561432957649231,-0.67073929309844971,5.8211402893066406,5.1302347183227539
-0.68189716339111328,0.080824196338653564,-0.11694774776697159,-0.44260048866271973
-1.4009830951690674,0.30514851212501526,3.4065778255462646,4.7888574600219727
-0.5559583306312561,-0.56314605474472046,5.494387149810791,4.5339856147766113
5.2371029853820801,3.8665609359741211,-0.39194959402084351,-0.59739583730697632
0.04450283944606781,0.28929829597473145,5.0342555046081543,4.974949836730957
4.3661041259765625,-0.31690362095832825,5.3448367118835449,0.69891339540481567
-0.046532701700925827,1.0191339254379272,-1.3877023458480835,-0.5096021294593811
3.5503818988800049,0.066296644508838654,6.0265383720397949,-0.48057463765144348
0.48571193218231201,0.63626241683959961,1.166196346282959,1.3393353223800659
-0.52184993028640747,0.24122890830039978,4.4883832931518555,4.5597505569458008
-0.075046464800834656,-0.049129173159599304,0.57884156703948975,0.15999135375022888
0.24669097363948822,0.68535977602005005,1.6448397636413574,-0.68941134214401245
-0.5102611780166626,0.39001455903053284,-0.64134222269058228,0.58403748273849487
5.8799304962158203,4.9705119132995605,0.47727552056312561,0.21458229422569275
5.1841273307800293,0.70580565929412842,4.4049606323242188,0.44976475834846497
5.2578086853027344,0.88657599687576294,4.6343436241149902,-0.16380000114440918
0.48622623085975647,0.18201427161693573,-0.22026640176773071,-1.5560698509216309
0.55270373821258545,0.56799852848052979,4.8934850692749023,5.3305368423461914
5.3268847465515137,4.4788913726806641,0.92310649156570435,0.9533812403678894
1.4217569828033447,0.47727516293525696,5.6934304237365723,4.8494172096252441
4.6381435394287109,5.148597240447998,0.63577920198440552,0.44070345163345337
5.9365038871765137,5.8128776550292969,0.27244138717651367,-0.62223756313323975
-0.81230169534683228,0.060775503516197205,5.5589680671691895,5.5217585563659668
4.6951971054077148,0.0063835540786385536,4.8934726715087891,-0.45197942852973938
-0.28698667883872986,-0.7770429253578186,-0.308706134557724,-0.32126730680465698
-0.5389021635055542,0.48426291346549988,4.4398341178894043,4.6101312637329102
5.064964771270752,5.3142175674438477,-0.55238497257232666,0.22044830024242401
0.38992774486541748,0.050949454307556152,0.53351771831512451,0.0217101089656353
-0.49228402972221375,0.13659021258354187,4.7049059867858887,4.8857536315917969
0.21585690975189209,-0.11089078336954117,-0.71589326858520508,-0.87038922309875488
0.3799949586391449,0.0016744835302233696,5.9710593223571777,4.8292675018310547
0.058689549565315247,0.53409624099731445,5.9537601470947266,5.2036786079406738
-0.48071026802062988,0.56327497959136963,0.69690001010894775,0.84469896554946899
-0.66137588024139404,-0.50426548719406128,-0.051851842552423477,0.63674938678741455
4.4890055656433105,-0.68950808048248291,4.0065398216247559,0.30258846282958984
5.3116507530212402,5.3251051902770996,0.55982345342636108,0.27506345510482788
1.0693893432617188,-0.69565480947494507,0.08857254683971405,-0.10212601721286774
-0.36001619696617126,-0.029525553807616234,4.6150302886962891,4.4748802185058594
0.88321727514266968,0.21306020021438599,5.0402674674987793,5.1894741058349609
-0.62252825498580933,0.29639431834220886,-0.22182007133960724,-0.49194350838661194
-0.34286960959434509,0.20178548991680145,5.6237473487854004,4.9234213829040527
-0.046073466539382935,0.047459173947572708,-0.79930263757705688,1.0637704133987427
-0.25798341631889343,0.31008759140968323,5.7395615577697754,4.2680835723876953
0.10700709372758865,0.69305139780044556,4.7842288017272949,4.5232663154602051
5.5009527206420898,5.0685710906982422,0.38888669013977051,0.29711425304412842
5.6279902458190918,0.26388218998908997,4.5523581504821777,0.48734390735626221
0.45749762654304504,0.13491569459438324,5.3945951461791992,4.3138828277587891
-0.90331119298934937,0.77974796295166016,4.0389246940612793,5.4606766700744629
4.6455745697021484,0.84508651494979858,4.3631706237792969,0.19720610976219177
-0.21203064918518066,-0.41924560070037842,0.79372233152389526,0.38500148057937622
0.41596674919128418,1.1889809370040894,-1.5545893907546997,0.31445416808128357
-0.93952369689941406,0.60915565490722656,0.41466560959815979,0.59514975547790527
-0.40673840045928955,-0.1229187399148941,0.0081235012039542198,-0.50752401351928711
5.3991293907165527,4.3440070152282715,-0.73665761947631836,0.87354844808578491
5.5731468200683594,0.15966841578483582,4.6683893203735352,0.3951355516910553
0.1746026873588562,1.1823266744613647,0.15679582953453064,0.52073240280151367
1.0107144117355347,0.17992964386940002,-0.10475625097751617,0.50497341156005859
-1.4484989643096924,-0.3639320433139801,5.2676715850830078,5.0534090995788574
5.1379384994506836,0.25035199522972107,5.2450594902038574,-0.16324803233146667
-0.040826749056577682,-0.34164220094680786,6.3581485748291016,5.5579662322998047
4.3989591598510742,-0.2750488817691803,4.7113938331604004,-0.3053072988986969
-0.33600926399230957,-0.17570115625858307,5.3423595428466797,5.012568473815918
0.14434081315994263,0.80011177062988281,-0.13394547998905182,0.27609586715698242
0.72836488485336304,-0.49612590670585632,-0.80215328931808472,-0.26376938819885254
0.15141509473323822,-0.42352664470672607,5.2389883995056152,6.1695194244384766
5.3914484977722168,1.2351986169815063,4.0013055801391602,-0.2372441440820694
-0.55733561515808105,0.14111189544200897,0.45713767409324646,0.97797399759292603
4.7331838607788086,0.1343151181936264,5.0485453605651855,0.30433812737464905
-0.023605311289429665,-0.36050370335578918,0.37936225533485413,-0.013272209092974663
0.085848033428192139,-0.28978869318962097,-0.54226523637771606,-1.0001763105392456
0.31751999258995056,-0.61725533008575439,-0.20614758133888245,-0.80030524730682373
-0.11133509129285812,0.51269936561584473,-0.61153638362884521,0.55053532123565674
5.4600048065185547,0.68393224477767944,5.6216182708740234,0.14354170858860016
0.1585938036441803,0.096955448389053345,4.1273179054260254,3.5188443660736084
4.1865067481994629,5.690824031829834,0.49805331230163574,-0.19390758872032166
0.21544292569160461,0.20993626117706299,5.1759777069091797,4.7113385200500488
-1.024951696395874,-0.15851107239723206,5.5417933464050293,4.2633242607116699
4.6184430122375488,4.2492823600769043,0.15287402272224426,0.086433760821819305
0.17426000535488129,0.74818241596221924,5.5057921409606934,4.754302978515625
4.2177233695983887,4.4037437438964844,-0.09223484992980957,-0.55742287635803223
-0.068460360169410706,0.40101340413093567,-0.57922255992889404,0.92083907127380371
-0.055777251720428467,-0.075924575328826904,3.7654812335968018,5.1345629692077637
4.9264636039733887,-0.16533748805522919,5.9450192451477051,-1.2419135570526123
4.4700136184692383,-0.52175456285476685,5.7704930305480957,0.61538773775100708
5.3601016998291016,-0.62156403064727783,3.9432888031005859,-0.20924641191959381
0.43028062582015991,-0.18697647750377655,5.6541457176208496,5.4783291816711426
-0.23452487587928772,-0.27971330285072327,4.6590838432312012,5.2160768508911133
5.2567353248596191,0.30374425649642944,5.3102765083312988,-0.42122822999954224
-0.50226312875747681,0.49976468086242676,-0.31177785992622375,0.54491645097732544
0.013535920530557632,-0.046505436301231384,5.9662542343139648,4.8987712860107422
0.45603650808334351,1.2674969434738159,0.80376005172729492,-0.63288998603820801
5.147428035736084,4.6146178245544434,0.6822924017906189,-0.24755920469760895
5.0848345756530762,-0.53103631734848022,4.7305765151977539,-0.084348820149898529
5.8043465614318848,5.1217260360717773,-0.20866736769676208,0.090802006423473358
-0.44946339726448059,0.60286086797714233,0.097787655889987946,-0.59442222118377686
5.4659504890441895,-0.51654070615768433,4.6913223266601562,0.44936650991439819
0.13690896332263947,0.35842365026473999,-0.69444304704666138,-0.0028911188710480928
-0.44184029102325439,0.24372254312038422,4.8849058151245117,4.9097013473510742
4.9577436447143555,-0.43808892369270325,4.3599152565002441,-0.92366898059844971
-0.22567595541477203,0.57721281051635742,0.19683592021465302,-0.090569861233234406
5.3979339599609375,-0.3771897554397583,4.7218551635742188,0.18457606434822083
0.24641753733158112,-0.088339254260063171,-0.19401939213275909,-0.34448167681694031
-1.099109411239624,0.19076739251613617,4.0013947486877441,4.1442513465881348
0.98905432224273682,1.161932110786438,6.0247693061828613,5.4331240653991699
-1.2797507047653198,-0.85095024108886719,-0.077158898115158081,-0.19353598356246948
5.4122037887573242,4.3184828758239746,-0.16809317469596863,-0.21024565398693085
-0.44925698637962341,-0.93764799833297729,5.704838752746582,4.9822225570678711
5.6414675712585449,4.4122962951660156,-0.60340940952301025,-0.38576728105545044
0.23809759318828583,-0.069666840136051178,-0.43622434139251709,0.65064674615859985
5.831212043762207,-0.51811951398849487,5.4316816329956055,-0.53568130731582642
-0.10684806853532791,-0.45463535189628601,0.49279975891113281,-0.0092251235619187355
3.5420715808868408,5.848538875579834,-1.028204083442688,-1.0737444162368774
4.8607926368713379,-0.18414665758609772,5.0657448768615723,-1.1159443855285645
5.0635623931884766,5.0938911437988281,0.10629447549581528,0.47999799251556396
5.7305417060852051,0.23187361657619476,5.1041746139526367,0.68375527858734131
-0.70305818319320679,-0.96365684270858765,5.6398377418518066,5.5268011093139648
-0.15988549590110779,-1.6956617832183838,-0.8391871452331543,0.36960887908935547
-0.27281132340431213,0.44580021500587463,-0.23762178421020508,-0.65999168157577515
0.90295928716659546,-1.0256223678588867,4.1648221015930176,5.4581842422485352
4.0264768600463867,0.35837197303771973,4.8769254684448242,-0.67363882064819336
5.6354331970214844,0.13222199678421021,4.2958183288574219,1.0224833488464355
5.694188117980957,5.0348391532897949,-0.14758583903312683,0.9484904408454895
-0.06837531179189682,-0.082164600491523743,5.1667470932006836,5.2124600410461426
0.5131145715713501,0.83693802356719971,0.37391254305839539,0.42220523953437805
0.30668345093727112,-0.16212967038154602,-0.10552562028169632,-0.20275083184242249
-0.42865139245986938,0.24839235842227936,5.0097780227661133,5.7121052742004395
4.5830168724060059,4.9442486763000488,-0.031694523990154266,-0.28550079464912415
-1.2135118246078491,0.35290500521659851,4.7580175399780273,4.0709743499755859
0.94887620210647583,-0.21116141974925995,5.0066242218017578,4.7161579132080078
5.7781000137329102,-0.4057488739490509,4.070213794708252,0.40439760684967041
5.7622127532958984,0.94969791173934937,4.161069393157959,0.45336812734603882
4.9903531074523926,5.4009017944335938,-0.18770492076873779,-0.63429081439971924
4.650942325592041,4.1885271072387695,-1.0500825643539429,0.78764492273330688
4.0078549385070801,-0.62740021944046021,5.3456192016601562,0.058662045747041702
4.6553544998168945,0.041811224073171616,4.1719093322753906,-0.093254104256629944
4.4554266929626465,-0.48550468683242798,4.9386749267578125,0.76618969440460205
4.1806764602661133,-0.16835165023803711,4.9371895790100098,1.3768733739852905
5.1849799156188965,0.71037256717681885,6.0987787246704102,0.36057573556900024
-0.28357648849487305,-0.26059558987617493,4.419090747833252,3.9984390735626221
5.2677335739135742,4.8440341949462891,-0.75940048694610596,0.4572405219078064
4.5349054336547852,0.11073555797338486,5.9758257865905762,-0.37051102519035339
1.236412525177002,-0.84180378913879395,-1.0729901790618896,0.1234150230884552
1.5512378215789795,-0.38388937711715698,-0.25423061847686768,-0.68716007471084595
5.8998837471008301,0.25410184264183044,5.6102237701416016,0.36413532495498657
4.9398846626281738,-0.27354839444160461,4.996579647064209,0.60048246383666992
0.3883114755153656,-0.29133069515228271,0.083213202655315399,0.14206284284591675
-0.84275388717651367,-0.46118900179862976,0.7639957070350647,1.0933219194412231
4.1995296478271484,4.3849611282348633,0.33131670951843262,-1.0516245365142822
4.7319622039794922,5.0939021110534668,-0.78175705671310425,0.10045673698186874
1.0143718719482422,0.1098063737154007,0.10517065972089767,-0.23881383240222931
-0.13401909172534943,0.22405856847763062,-0.47938930988311768,1.2513357400894165
5.5540633201599121,5.5303478240966797,0.41613379120826721,-0.037250503897666931
-0.029715416952967644,-0.2696060836315155,0.081626161932945251,0.21818304061889648
-0.20813453197479248,-1.1716675758361816,0.0010804879711940885,-0.12546727061271667
0.1195511519908905,0.33597761392593384,3.8607709407806396,4.0376496315002441
4.9206032752990723,5.0904455184936523,0.33326387405395508,0.333446204662323
5.8725390434265137,4.8357934951782227,0.18550881743431091,-0.41142016649246216
-0.79238349199295044,0.60327869653701782,-0.92091834545135498,-0.2814355194568634
5.0655241012573242,4.1709427833557129,-0.44246053695678711,1.2233850955963135
-0.015283330343663692,0.14633572101593018,4.6649479866027832,4.5154862403869629
-0.081094555556774139,0.26449748873710632,0.36686718463897705,0.21296423673629761
-0.38431519269943237,0.83803927898406982,4.058875560760498,4.9252581596374512
0.43048954010009766,1.4730974435806274,-0.76670634746551514,0.035436481237411499
-0.88614588975906372,0.79972100257873535,5.2522282600402832,6.1090192794799805
5.4524626731872559,0.02021455205976963,5.014702320098877,-0.1193135604262352
3.6861145496368408,0.34848180413246155,4.7941074371337891,-0.081480458378791809
0.93185991048812866,1.0589258670806885,5.1624174118041992,6.0572957992553711
5.4212369918823242,-0.31590896844863892,4.8489956855773926,0.72691500186920166
5.030914306640625,4.8323397636413574,-1.090422511100769,0.17567148804664612
3.5432157516479492,4.2305793762207031,-0.71826827526092529,0.22634151577949524
4.9483575820922852,-0.73310631513595581,5.291719913482666,0.42128521203994751
4.5569853782653809,4.5209164619445801,-0.69673877954483032,0.47126337885856628
0.7006344199180603,-0.85997521877288818,5.8678207397460938,5.8298745155334473
4.0204100608825684,0.11585245281457901,5.8896565437316895,-0.25402995944023132
-0.96787750720977783,0.87740665674209595,4.1174659729003906,5.037834644317627
4.8652043342590332,-0.68923336267471313,5.6299643516540527,-0.85810011625289917
4.9668989181518555,-1.2845166921615601,5.0806713104248047,0.77955007553100586
4.6235804557800293,0.22870481014251709,5.1519436836242676,0.30539897084236145
4.8893904685974121,4.4410314559936523,0.048162706196308136,-1.5967060327529907
-0.15782679617404938,-0.8148115873336792,5.2160544395446777,5.4658288955688477
4.6846122741699219,4.8934807777404785,-0.23950666189193726,0.56067311763763428
-0.40513649582862854,0.52683562040328979,-0.34147307276725769,0.30334499478340149
-0.094073161482810974,-0.72090888023376465,6.0472044944763184,5.6317062377929688
0.58154565095901489,-0.25545108318328857,4.4757223129272461,5.1612048149108887
1.11795973777771,0.13406118750572205,4.579258918762207,4.8479728698730469
5.6113142967224121,0.17802020907402039,4.3296928405761719,-0.33008059859275818
0.027415093034505844,-0.44624966382980347,0.16827194392681122,-0.99449300765991211
-0.72107499837875366,-0.19849397242069244,-0.37686651945114136,0.12977539002895355
0.54561251401901245,0.30639424920082092,0.055070415139198303,-0.52977758646011353
5.8771748542785645,0.48727473616600037,5.1866855621337891,-0.16905534267425537
-0.11077605187892914,-0.43289640545845032,6.4817709922790527,4.3445582389831543
-0.11410096287727356,-0.52617949247360229,4.2270550727844238,6.1179213523864746
0.74597686529159546,-0.19888554513454437,0.72569304704666138,-0.74651437997817993
5.1113524436950684,4.5008082389831543,0.076309598982334137,1.0463542938232422
1.362613320350647,1.2825011014938354,-0.73145300149917603,0.064098894596099854
4.9690670967102051,1.8352317810058594,6.1684494018554688,0.55108916759490967
4.0306706428527832,-0.055865742266178131,5.832709789276123,-0.37335026264190674
5.6347737312316895,-0.81028556823730469,5.3013834953308105,-0.041881907731294632
0.21713685989379883,0.53627854585647583,6.1120290756225586,4.6622953414916992
4.8404741287231445,4.7288088798522949,0.20343619585037231,-1.1142934560775757
-0.75346881151199341,-0.52813607454299927,4.8253507614135742,5.6669321060180664
0.5258905291557312,-0.63277053833007812,5.5870695114135742,6.1307206153869629
5.3555808067321777,5.4618034362792969,0.76252865791320801,-0.65253579616546631
5.1629152297973633,4.2026948928833008,-1.0969585180282593,0.17147456109523773
0.93196409940719604,-1.0517382621765137,5.230924129486084,4.5617384910583496
4.3617157936096191,4.7271561622619629,0.64330512285232544,-0.18393658101558685
5.1240935325622559,5.0367627143859863,0.32564628124237061,-0.23129786550998688
-0.14935995638370514,0.46255263686180115,4.8231825828552246,5.1974687576293945
5.3092331886291504,5.9115500450134277,-0.33248618245124817,0.042364940047264099
5.2656717300415039,0.10056111216545105,4.7970638275146484,0.097947120666503906
4.9297299385070801,4.1730880737304688,0.11079894751310349,-0.094452895224094391
-0.8987048864364624,0.22795966267585754,-0.19098806381225586,0.32160770893096924
5.0283203125,0.63375228643417358,5.0600852966308594,0.030883295461535454
0.88815474510192871,-0.47137221693992615,5.3568778038024902,5.1695680618286133
3.8212671279907227,4.4705853462219238,0.44793227314949036,1.3755289316177368
4.6768665313720703,-0.010998298414051533,4.9102249145507812,-0.091662243008613586
5.3016719818115234,5.9237790107727051,-0.56874698400497437,-0.22046412527561188
-0.65598767995834351,0.25765407085418701,4.9499707221984863,4.9160871505737305
-0.61561566591262817,0.41931307315826416,0.057837702333927155,-0.62166732549667358
4.3927783966064453,-0.82092523574829102,3.7549231052398682,0.82057040929794312
-0.46958050131797791,0.70414406061172485,-1.1407463550567627,-0.008181598037481308
5.2157378196716309,-0.54413646459579468,4.8271565437316895,0.26887330412864685
1.1991721391677856,-0.10526346415281296,4.5259966850280762,4.9782147407531738
0.3323608934879303,-0.39386174082756042,-0.28384026885032654,-0.2127794623374939
-0.48498201370239258,-0.24889960885047913,-0.40718626976013184,-0.28380545973777771
4.6657891273498535,-0.48940756916999817,3.7089252471923828,-0.32773184776306152
-0.65136212110519409,0.52212679386138916,-0.16620709002017975,1.2070711851119995
-0.43187642097473145,-0.22682379186153412,-0.25756925344467163,-0.60937303304672241
-0.41554009914398193,-0.63040423393249512,4.7985620498657227,5.5483417510986328
5.8481030464172363,1.7049921751022339,4.5454325675964355,-0.081603117287158966
5.3845772743225098,0.27708113193511963,5.8361334800720215,-0.87060201168060303
3.9694876670837402,5.2331819534301758,-0.24789014458656311,0.32125690579414368
0.49571314454078674,-0.92769348621368408,-0.41770708560943604,0.0047825709916651249
0.76846516132354736,0.40768247842788696,5.0602836608886719,4.4413313865661621
4.8611936569213867,0.51289629936218262,5.0928740501403809,0.010094635188579559
0.815296471118927,0.014891821891069412,5.2453141212463379,5.2358865737915039
0.20474343001842499,-1.0753847360610962,3.9684059619903564,5.6365780830383301
0.38534170389175415,0.67239683866500854,5.533449649810791,4.2710037231445312
-0.19272643327713013,1.2415316104888916,-0.084831155836582184,0.070003166794776917
5.8641176223754883,-0.040926408022642136,5.1126437187194824,-0.36461400985717773
0.032240472733974457,-0.26286178827285767,-0.22778865694999695,-0.42032641172409058
4.8381719589233398,5.0204129219055176,-0.2724204957485199,-0.014692366123199463
5.2800536155700684,6.0322399139404297,0.2224518358707428,0.67926537990570068
-0.066426821053028107,-0.55576342344284058,0.17113183438777924,-0.47246718406677246
4.8463606834411621,0.50414901971817017,4.9369568824768066,-0.16410021483898163
5.4356551170349121,3.9259302616119385,0.34832322597503662,0.29613414406776428
-0.12058921158313751,-0.55822348594665527,5.6978611946105957,4.388336181640625
-0.25360319018363953,-1.052574634552002,-0.55296242237091064,-0.42595645785331726
4.6746983528137207,0.13252882659435272,4.7333903312683105,0.36023807525634766
4.1658930778503418,4.4218611717224121,-0.095844067633152008,-0.43579140305519104
0.96428126096725464,-0.62870579957962036,-0.7618030309677124,0.18419173359870911
-0.39170292019844055,-0.53897470235824585,5.5436282157897949,4.5776758193969727
-0.2282211035490036,-0.32500201463699341,4.9667220115661621,5.5850729942321777
0.052045822143554688,-0.10416948050260544,4.284635066986084,5.3122158050537109
-0.38943478465080261,0.99178671836853027,0.12360240519046783,0.61758273839950562
-1.2098944187164307,0.75630789995193481,-0.13577362895011902,-0.097642779350280762
5.2691464424133301,-0.23036836087703705,4.6939759254455566,0.68519061803817749
5.314033031463623,5.4306049346923828,-0.44551071524620056,-0.090314343571662903
4.8523268699645996,5.0668025016784668,1.1334036588668823,0.40939238667488098
4.6732726097106934,4.7486982345581055,0.74019211530685425,0.0042229215614497662
4.5177903175354004,0.27490854263305664,4.6597089767456055,0.70613032579421997
1.1726826429367065,0.073782294988632202,0.15196049213409424,0.78862875699996948
-0.17813245952129364,0.41914674639701843,5.1084384918212891,4.7608327865600586
-0.021242812275886536,-0.19326840341091156,5.4462509155273438,4.4294219017028809
5.0643138885498047,4.7464637756347656,-0.28938773274421692,-0.64763975143432617
4.8616275787353516,4.7079033851623535,1.012273907661438,-0.43990898132324219
1.4340419769287109,0.39463341236114502,0.42422592639923096,-0.99769884347915649
-0.0069794063456356525,0.2619311511516571,5.376105785369873,5.8352856636047363
4.3465642929077148,5.4730806350708008,-0.25662174820899963,-0.25707820057868958
0.18826150894165039,-0.36718156933784485,5.6086678504943848,4.2910070419311523
0.65743285417556763,-0.27230232954025269,5.4152240753173828,4.0286879539489746
-0.61133676767349243,-0.7330508828163147,0.37731364369392395,0.2868945300579071
6.0025248527526855,-0.88321036100387573,4.5568208694458008,-0.69632774591445923
0.16511008143424988,0.36560723185539246,0.19575130939483643,0.11694884300231934
4.8908801078796387,-0.86273926496505737,4.9154601097106934,-0.60655546188354492
5.5204133987426758,4.7550144195556641,0.034951530396938324,-0.36591532826423645
-0.84167814254760742,0.020184867084026337,0.063766665756702423,0.12123069167137146
5.889380931854248,4.3213410377502441,-0.77091968059539795,1.0730791091918945
-0.35507765412330627,1.19950270652771,0.16138185560703278,-0.025630289688706398
-0.53100103139877319,0.093213863670825958,-0.79454034566879272,0.20372484624385834
4.6835379600524902,0.12392343580722809,5.1303310394287109,-0.28842920064926147
5.0186223983764648,5.2311019897460938,0.95130372047424316,-1.5352355241775513
4.4320907592773438,4.8842802047729492,0.70009279251098633,0.43851199746131897
3.5006177425384521,4.0529284477233887,0.22509394586086273,0.56368869543075562
5.0874271392822266,0.12082145363092422,4.3631234169006348,0.56488853693008423
0.51522201299667358,-0.87107163667678833,4.6892185211181641,4.5767970085144043
4.8740372657775879,0.30882132053375244,5.0165615081787109,-0.65242081880569458
0.23929440975189209,-0.064306400716304779,4.5990695953369141,5.247988224029541
0.45667663216590881,0.19754382967948914,5.0361967086791992,3.8407354354858398
4.4207558631896973,4.4504108428955078,-0.58133804798126221,-1.1189273595809937
1.0225521326065063,0.047264408320188522,0.31704661250114441,-0.39427909255027771
4.5105128288269043,4.7554235458374023,-0.072514042258262634,0.017810426652431488
0.030301911756396294,0.2779490053653717,4.564659595489502,3.964397668838501
1.0910007953643799,-0.13753122091293335,4.5583920478820801,4.695030689239502
5.1402430534362793,5.0007486343383789,-0.24062328040599823,-0.58181148767471313
-0.017273861914873123,-0.28630471229553223,0.12869341671466827,-0.034696787595748901
4.3187851905822754,-0.78343647718429565,5.0875868797302246,-1.0933442115783691
-0.69442671537399292,-0.003989937249571085,4.9202113151550293,5.7436108589172363
-0.32840454578399658,-0.0059945527464151382,4.4921774864196777,4.7753472328186035
4.7398562431335449,0.0046169464476406574,5.7417659759521484,0.48404303193092346
0.99749153852462769,-0.68765544891357422,5.1651458740234375,4.9718408584594727
-0.3378785252571106,0.5874251127243042,4.7121620178222656,3.6578941345214844
-0.68733131885528564,0.36943262815475464,4.9254841804504395,4.7434577941894531
5.425574779510498,4.855799674987793,0.30767983198165894,0.85894644260406494
5.0961408615112305,0.36601778864860535,3.9220056533813477,0.46523863077163696
5.0680117607116699,4.1347880363464355,-0.74838894605636597,0.093647919595241547
5.8971281051635742,3.6250495910644531,-0.56159394979476929,0.41764992475509644
5.6139421463012695,5.1834049224853516,0.51495993137359619,-1.5118509531021118
5.7046771049499512,5.9521589279174805,-0.11927633732557297,-0.027063215151429176
4.8532977104187012,-0.35464659333229065,5.4045009613037109,1.1483896970748901
4.8998408317565918,0.053800571709871292,4.7391877174377441,-0.38728824257850647
-0.050469301640987396,0.392589271068573,0.75343877077102661,0.40298768877983093
4.5041007995605469,0.57732170820236206,5.6732110977172852,-0.42986685037612915
4.2863020896911621,4.1246542930603027,0.19973756372928619,0.53536969423294067
5.2360110282897949,0.0013832541881129146,4.2443633079528809,-0.20496313273906708
4.8915300369262695,-0.61547756195068359,4.8597674369812012,-0.032992340624332428
0.0013130407314747572,-0.14845642447471619,-0.82024914026260376,-0.37075194716453552
0.70966035127639771,-0.43062102794647217,4.0545740127563477,5.3345365524291992
-0.41329503059387207,-0.10912060737609863,4.5005464553833008,5.6976871490478516
6.1781654357910156,-0.18275795876979828,5.5165143013000488,0.5603373646736145
4.7348537445068359,-0.73525094985961914,5.683417797088623,-1.2049974203109741
5.468604564666748,-0.22668507695198059,5.1450142860412598,-0.062334258109331131
-0.68062049150466919,0.52595621347427368,0.39696511626243591,-0.90599620342254639
0.16382482647895813,-0.14064995944499969,4.5442719459533691,5.2783951759338379
4.541776180267334,-0.69451069831848145,4.8900861740112305,0.30159875750541687
-0.44256478548049927,0.016346573829650879,-0.74924421310424805,0.35290446877479553
-0.75394570827484131,-0.8941570520401001,4.8969192504882812,5.0046119689941406
4.9897580146789551,4.5009908676147461,1.3380837440490723,0.58931601047515869
0.45633631944656372,-0.14169380068778992,0.17526325583457947,-1.933014988899231
4.896904468536377,4.4517040252685547,0.079214826226234436,-0.19158905744552612
-0.15915803611278534,-0.18350911140441895,5.8857917785644531,4.8016676902770996
4.7456026077270508,5.7026610374450684,1.0946543216705322,0.52097827196121216
5.4135632514953613,-1.1229819059371948,5.0361185073852539,0.23074117302894592
0.63027024269104004,-1.1411048173904419,5.5529484748840332,5.8325634002685547
-1.3164149522781372,0.0084736412391066551,-0.43064448237419128,-0.59451073408126831
4.6982207298278809,-0.23145852982997894,3.7095260620117188,-0.68881124258041382
5.5281915664672852,4.8983030319213867,-0.060621749609708786,-0.25626286864280701
5.9290118217468262,5.2859854698181152,-0.3347218930721283,0.43322223424911499
0.34680372476577759,0.62801039218902588,5.6480917930603027,5.6547541618347168
4.9214997291564941,4.8027467727661133,0.58309656381607056,0.41690239310264587
5.3647141456604004,0.57790952920913696,5.3029637336730957,-0.026149880141019821
5.1305122375488281,6.0009427070617676,0.31979948282241821,-0.37705779075622559
0.31571474671363831,-0.65061187744140625,5.2555437088012695,5.7510199546813965
0.27718773484230042,0.66124939918518066,0.087298229336738586,0.15381377935409546
5.9023947715759277,1.032437801361084,4.9432353973388672,0.23595540225505829
0.21180576086044312,0.49312692880630493,4.7311801910400391,5.1225762367248535
-0.23934143781661987,0.5358162522315979,-0.11075253784656525,-0.15064860880374908
0.6141357421875,-0.6072700023651123,4.8727459907531738,5.1028752326965332
4.519477367401123,5.1092267036437988,-0.23467199504375458,1.1758308410644531
-0.17866809666156769,0.22452473640441895,0.2060273140668869,-0.68808352947235107
-1.4406567811965942,-0.13043752312660217,0.26464921236038208,-0.34379434585571289
0.11639893800020218,-0.4854523241519928,1.4691611528396606,-0.51052707433700562
0.37832924723625183,0.12699140608310699,0.30409756302833557,0.37775528430938721
-1.0334086418151855,-0.52614229917526245,5.2280721664428711,4.3256134986877441
1.5234278440475464,0.77023106813430786,0.23476795852184296,-0.21124166250228882
4.4407835006713867,5.9707398414611816,-0.76046097278594971,0.56276005506515503
4.2247834205627441,5.1077146530151367,-0.086799584329128265,0.14631092548370361
-0.19747528433799744,-0.92553496360778809,4.5905814170837402,4.9822077751159668
0.17958131432533264,0.57813191413879395,-0.64064931869506836,1.0244766473770142
4.7358875274658203,4.4738421440124512,-0.91674286127090454,-1.167959451675415
0.29816049337387085,0.61356085538864136,5.4822897911071777,4.9499235153198242
4.4656577110290527,6.0312385559082031,0.32343623042106628,-0.6006162166595459
0.43898388743400574,0.19919416308403015,-0.016431223601102829,0.54198974370956421
0.076197877526283264,0.35480231046676636,3.9473378658294678,4.9092082977294922
6.133425235748291,-0.031981866806745529,4.7784037590026855,0.24329139292240143
5.2278604507446289,4.7034287452697754,0.23158985376358032,-0.096964247524738312
4.9731101989746094,4.4695858955383301,0.12239248305559158,0.54234808683395386
0.081626385450363159,-0.070287741720676422,4.4109029769897461,5.0023493766784668
5.3301658630371094,5.8335785865783691,0.66602355241775513,-1.2990388870239258
-0.48484823107719421,0.42073348164558411,3.9860568046569824,4.8339357376098633
4.3958024978637695,4.8770937919616699,0.069357305765151978,-0.99977827072143555
5.5149211883544922,-0.61933439970016479,4.7774639129638672,-0.61348497867584229
5.0506496429443359,-0.19658270478248596,4.5093855857849121,-0.50074976682662964
4.1109247207641602,4.4757075309753418,-0.92476797103881836,-0.2132817804813385
-0.57907599210739136,0.41641116142272949,0.41007110476493835,0.041822906583547592
5.0621600151062012,-0.803264319896698,4.6899557113647461,-0.13202433288097382
0.70639419555664062,0.10118136554956436,4.5174236297607422,4.3123574256896973
5.1155400276184082,5.6869297027587891,-0.85708451271057129,0.75755953788757324
-0.0043434533290565014,0.34061747789382935,0.81708282232284546,-0.29132723808288574
-0.27738630771636963,-0.1586603969335556,5.3338327407836914,5.0494494438171387
4.5653676986694336,5.620293140411377,0.18501251935958862,-0.013373007066547871
4.6165900230407715,1.2788834571838379,5.0786261558532715,0.30715599656105042
0.26648551225662231,-0.0048616183921694756,-0.19349384307861328,-1.0369641780853271
-0.35043254494667053,-0.51263248920440674,-0.15697811543941498,0.72181737422943115
0.11175920814275742,-0.21329197287559509,5.5910806655883789,4.7213811874389648
4.8197941780090332,0.68683171272277832,4.5095787048339844,0.25159946084022522
5.095820426940918,0.98751682043075562,6.1986117362976074,-0.37299549579620361
0.61199706792831421,-0.15304692089557648,-0.49493876099586487,0.2700430154800415
5.479011058807373,-0.2327931821346283,5.837348461151123,0.10712770372629166
4.973546028137207,-0.21614710986614227,4.6567821502685547,-0.096963226795196533
-0.59531605243682861,-0.81332671642303467,0.30737185478210449,-0.05257159098982811
5.3455114364624023,0.15762023627758026,4.3878617286682129,-0.46057829260826111
5.0814685821533203,0.47613519430160522,4.7192339897155762,-0.45222178101539612
-0.60724920034408569,-0.047185122966766357,-0.68072092533111572,0.076352223753929138
0.60241389274597168,0.67970198392868042,-0.12644034624099731,0.051035307347774506
5.5256576538085938,0.25681096315383911,5.3627805709838867,-0.25900217890739441
4.5842189788818359,5.2089886665344238,0.82425785064697266,-0.20824101567268372
6.6090855598449707,0.39232075214385986,4.0073461532592773,-0.88927668333053589
3.1166040897369385,0.22454084455966949,5.5017309188842773,-0.076894722878932953
5.3875741958618164,-0.43178799748420715,5.7610130310058594,1.0792182683944702
4.7116336822509766,5.9240808486938477,0.060491271317005157,1.0133719444274902
5.1156845092773438,-0.44903141260147095,4.6077518463134766,1.2139230966567993
4.3704462051391602,4.1704106330871582,0.44509488344192505,0.41327577829360962
4.8524889945983887,4.6814746856689453,0.58286529779434204,1.0782822370529175
-0.36823758482933044,0.11935663968324661,0.19226990640163422,-0.10872825980186462
0.2986152172088623,-0.62534666061401367,5.5017228126525879,5.121488094329834
0.27410504221916199,0.6356346607208252,4.7205939292907715,4.6360182762145996
5.4382243156433105,0.13018669188022614,6.2574877738952637,0.47846099734306335
5.2397112846374512,-0.63221943378448486,3.9925069808959961,-0.7083696722984314
-0.051682673394680023,1.1621438264846802,4.8055968284606934,5.9211487770080566
-0.0578286312520504,0.010912297293543816,4.7575244903564453,5.3774905204772949
6.1182403564453125,4.2969441413879395,-0.71225225925445557,0.1472800225019455
5.510770320892334,0.09149845689535141,5.1894497871398926,0.55906152725219727
-0.035571277141571045,1.1306357383728027,-0.61328446865081787,-0.54165053367614746
5.9004015922546387,4.5008468627929688,0.19720463454723358,0.21085292100906372
0.27061375975608826,-0.88623571395874023,5.0589737892150879,4.3757104873657227
4.9402623176574707,4.6813969612121582,-0.0571029894053936,-0.1591927707195282
4.3873834609985352,0.25753730535507202,4.5639352798461914,0.67292726039886475
0.20796419680118561,-0.17941582202911377,0.095031715929508209,0.32614326477050781
5.3103799819946289,5.2327189445495605,0.16044194996356964,0.37509426474571228
4.6160116195678711,4.5802388191223145,0.10684487223625183,0.50915700197219849
-0.5989222526550293,0.25876879692077637,5.0804347991943359,4.1771564483642578
4.2024102210998535,0.27404460310935974,5.0856504440307617,0.056457523256540298
4.4758505821228027,-0.074315078556537628,4.9773526191711426,0.43876621127128601
5.6426281929016113,5.1569952964782715,-0.80300360918045044,1.128443717956543
0.28087767958641052,0.15933069586753845,3.9032366275787354,4.1189126968383789
-0.5563930869102478,0.25095200538635254,5.5188784599304199,5.6026883125305176
4.050910472869873,5.8214082717895508,-0.42676284909248352,-1.2146538496017456
-1.6703952550888062,0.66762053966522217,-0.14778433740139008,-0.72487741708755493
-0.56195712089538574,1.2446554899215698,-0.16607537865638733,1.3857705593109131
0.28672501444816589,1.2727587223052979,1.016171932220459,0.64634239673614502
4.2828249931335449,4.8731598854064941,0.84117269515991211,-0.20056048035621643
0.18318100273609161,0.066288396716117859,-0.1525254100561142,-0.38951069116592407
6.0395970344543457,-0.60798197984695435,4.8011684417724609,0.44612103700637817
-1.2978978157043457,-1.051252007484436,-0.79416978359222412,0.32955664396286011
4.9281082153320312,0.62177509069442749,5.5078215599060059,0.50263196229934692
4.4146833419799805,0.22664684057235718,3.5254373550415039,0.92259186506271362
0.57467067241668701,2.0025279521942139,4.7828149795532227,5.6576495170593262
5.0029683113098145,5.0361509323120117,0.10564444214105606,-0.66317647695541382
5.2125229835510254,-0.12774665653705597,4.4559955596923828,0.16745719313621521
0.10572360455989838,0.48122122883796692,5.7417898178100586,4.9741883277893066
5.1384091377258301,4.0635199546813965,0.11877048760652542,-0.34930628538131714
0.1976383775472641,-0.49481391906738281,1.1086670160293579,0.66715019941329956
-0.58343583345413208,0.64922016859054565,1.8209779262542725,-0.37146660685539246
0.76901620626449585,0.14804135262966156,4.7874035835266113,4.9179491996765137
0.91748583316802979,0.19494757056236267,-0.47962251305580139,-0.63177251815795898
4.9094724655151367,0.067571036517620087,6.3672976493835449,0.53785181045532227
-0.1089412048459053,-0.73442041873931885,-1.2460092306137085,-0.13438695669174194
3.8954365253448486,3.934218168258667,0.17002879083156586,-0.77681595087051392
5.0991153717041016,-0.99936807155609131,5.333432674407959,0.98781609535217285
-1.3520530462265015,0.44974434375762939,1.0596882104873657,0.44294676184654236
4.8779735565185547,-0.026086300611495972,4.5756216049194336,0.04171689972281456
4.1065921783447266,-0.031580705195665359,4.3568515777587891,-0.010468375869095325
-0.48355388641357422,0.5545341968536377,0.075693130493164062,0.071508079767227173
-0.09794403612613678,0.71485555171966553,5.4681448936462402,4.445002555847168
0.31550148129463196,-0.81919014453887939,5.8203239440917969,5.1185717582702637
5.8414440155029297,0.28975185751914978,5.9415578842163086,-0.6196020245552063
-0.25574716925621033,0.97043114900588989,4.7491121292114258,4.8008608818054199
-0.12755808234214783,1.0147222280502319,4.0654311180114746,5.5790696144104004
4.8615097999572754,5.0026659965515137,0.5704314112663269,-0.36766731739044189
4.7047076225280762,0.55707776546478271,4.7478747367858887,-0.31593936681747437
-0.18443965911865234,0.43889304995536804,4.2331666946411133,5.8540558815002441
0.42803820967674255,1.0577374696731567,5.472750186920166,4.1831998825073242
1.053957462310791,1.0561836957931519,0.49261379241943359,-0.17622043192386627
5.9412417411804199,4.4230475425720215,-0.19407433271408081,-0.008289264515042305
4.9313745498657227,-0.47269684076309204,3.3290169239044189,0.58527183532714844
5.3513674736022949,1.2462359666824341,4.9920110702514648,-0.56943583488464355
-0.35032245516777039,0.26756680011749268,5.1852359771728516,5.4504909515380859
-0.90466976165771484,-0.25070175528526306,4.7981295585632324,4.619330883026123
0.31117904186248779,0.34508407115936279,5.3332839012145996,4.9306063652038574
5.2205862998962402,4.7884087562561035,0.45884066820144653,-0.41670948266983032
5.9584641456604004,0.4168398380279541,5.0494513511657715,0.093515157699584961
-0.10410346835851669,-0.40678295493125916,0.39172545075416565,0.61348319053649902
-1.0283807516098022,0.3535369336605072,4.4735755920410156,4.2725229263305664
5.1709136962890625,0.85547423362731934,3.8029861450195312,0.35460385680198669
-0.90927577018737793,0.29457858204841614,4.2116231918334961,6.0535182952880859
-0.67033708095550537,0.12959714233875275,4.464540958404541,5.4117693901062012
4.7226581573486328,3.8678328990936279,-0.95499414205551147,-0.90887129306793213
4.7297606468200684,4.8665151596069336,1.1886281967163086,-0.21263830363750458
-0.82633668184280396,0.019993815571069717,4.5250082015991211,5.1560368537902832
0.62915492057800293,0.31260916590690613,0.069822654128074646,-1.6495629549026489
5.1833338737487793,4.8179020881652832,-0.34677758812904358,-0.20574706792831421
4.4487509727478027,-0.043000407516956329,5.9936113357543945,0.61746227741241455
-0.50713354349136353,0.19431725144386292,5.0874667167663574,5.0588374137878418
4.2636046409606934,4.592710018157959,1.0227054357528687,-0.34151008725166321
5.2109174728393555,0.10376726090908051,4.3537712097167969,0.23699918389320374
0.52849596738815308,0.037602808326482773,0.31863996386528015,0.22837741672992706
-0.27238011360168457,-0.83849656581878662,-0.8467639684677124,-0.49379810690879822
0.6108277440071106,-0.30613049864768982,4.9699883460998535,4.2154479026794434
4.8084731101989746,-0.13411237299442291,4.2696442604064941,0.44055894017219543
0.1548813134431839,-0.13546174764633179,-0.13498987257480621,1.0885132551193237
5.6698184013366699,-0.74889302253723145,5.2956366539001465,-0.29336020350456238
4.5367350578308105,0.46854826807975769,5.867274284362793,-1.1959441900253296
5.0675563812255859,5.7066431045532227,-0.56803935766220093,0.64860415458679199
5.3189373016357422,4.9005632400512695,0.49206149578094482,0.047200579196214676
4.7462582588195801,4.2884678840637207,0.51989370584487915,0.14732345938682556
0.08917439728975296,0.33357334136962891,4.5074448585510254,4.6656894683837891
5.2395715713500977,0.32466584444046021,7.0032210350036621,-0.052069954574108124
5.7112712860107422,-0.61843633651733398,4.7273573875427246,1.0225797891616821
5.551457405090332,-0.10942862182855606,4.820559024810791,1.1824791431427002
4.7631382942199707,5.1997690200805664,0.10586943477392197,0.70058721303939819
0.36554455757141113,-0.76275521516799927,-1.7308604717254639,2.1977782249450684
0.93165260553359985,-0.043298367410898209,5.9632773399353027,6.5464496612548828
4.6226029396057129,-1.010257363319397,5.4006209373474121,0.31699815392494202
0.85154974460601807,-0.07870069146156311,-0.089415140450000763,-0.30746915936470032
4.1776008605957031,-0.1818619966506958,6.1079154014587402,-0.18236440420150757
-0.53821861743927002,0.037736587226390839,0.43029025197029114,-0.74733614921569824
5.0822677612304688,5.4385857582092285,0.18150405585765839,0.41959774494171143
3.9773745536804199,-0.2029227614402771,4.2241239547729492,0.41857582330703735
0.19218483567237854,1.1011819839477539,5.9281725883483887,4.9665141105651855
-1.2786262035369873,-0.43811988830566406,0.0013034542789682746,0.33301627635955811
4.5545291900634766,5.489504337310791,0.15312530100345612,-0.16452774405479431
-0.57116508483886719,0.10098273307085037,1.2144922018051147,-0.7740752100944519
5.5603928565979004,5.3057966232299805,0.28596493601799011,0.040819365531206131
-0.65968972444534302,1.0059653520584106,5.073613166809082,3.9621334075927734
5.7782659530639648,-0.63249170780181885,4.374516487121582,-0.33922386169433594
-0.48712140321731567,0.61716854572296143,4.9182949066162109,4.8547029495239258
-0.20291532576084137,-0.78844600915908813,-0.37768033146858215,-0.78665810823440552
-0.49744808673858643,0.246895432472229,-0.38630113005638123,0.39704704284667969
5.645991325378418,-0.90839123725891113,4.8347978591918945,0.30143308639526367
4.2032632827758789,4.4891929626464844,0.45002421736717224,-0.324258953332901
5.4439444541931152,4.6119937896728516,0.76707649230957031,1.0272626876831055
0.58600389957427979,-1.2506088018417358,0.007505140732973814,-0.39160674810409546
4.7739109992980957,4.7780261039733887,-0.20404751598834991,-0.29217943549156189
4.2194652557373047,4.1879348754882812,0.47303321957588196,-0.1321074366569519
0.43512260913848877,-2.4259657859802246,-0.49193856120109558,0.046077556908130646
-0.58219212293624878,-0.099476419389247894,4.0013375282287598,4.6041975021362305
-0.53244739770889282,0.40122786164283752,5.3536806106567383,5.307795524597168
-0.4117300808429718,-0.71540427207946777,4.9419980049133301,3.8410143852233887
-0.56049412488937378,-0.37431037425994873,-1.4378842115402222,-0.27178263664245605
0.99499636888504028,0.10331838577985764,-1.3289542198181152,-0.64442509412765503
0.36847898364067078,-0.16921010613441467,0.17060650885105133,-0.076261729001998901
0.20318476855754852,-0.25261068344116211,0.61640596389770508,-0.096600040793418884
4.6543946266174316,5.7410812377929688,0.33954063057899475,0.06769852340221405
5.6304054260253906,5.8263320922851562,-0.19756609201431274,0.2506479024887085
4.3901314735412598,-0.1129554957151413,5.958524227142334,0.85464131832122803
4.8738980293273926,0.35577407479286194,4.4182300567626953,-0.15021920204162598
0.66179138422012329,-0.16401784121990204,-0.23972898721694946,-1.024590015411377
-0.56025391817092896,0.086283475160598755,4.5340309143066406,4.5727176666259766
5.0224037170410156,-0.38256996870040894,5.2661008834838867,0.67486292123794556
-0.46144568920135498,-0.55390959978103638,-1.0271048545837402,-0.54637455940246582
-0.23253974318504333,0.9151993989944458,4.0231890678405762,5.5474076271057129
4.9676961898803711,5.7446980476379395,-1.252852201461792,-0.21323670446872711
-0.11312548816204071,0.32446885108947754,4.9450817108154297,5.5939521789550781
0.57941907644271851,-1.3454675674438477,5.7948141098022461,5.1721019744873047
5.3755440711975098,4.6611347198486328,0.98253089189529419,-0.10793104022741318
5.4907355308532715,4.2471866607666016,-0.57156610488891602,-0.032079499214887619
5.5078630447387695,5.3865094184875488,-0.30798253417015076,-0.76530593633651733
0.79901838302612305,0.34681147336959839,4.4153170585632324,4.2801671028137207
0.13618095219135284,-0.37818238139152527,5.1889657974243164,4.7003459930419922
5.3921060562133789,0.62581753730773926,5.2045192718505859,-0.93074381351470947
-0.20438660681247711,0.52158701419830322,0.45653104782104492,0.0056592030450701714
4.930412769317627,-0.55124837160110474,3.8745491504669189,0.23588696122169495
0.32151028513908386,-0.031157877296209335,-0.87133181095123291,-0.58745598793029785
-0.20261205732822418,-0.036249987781047821,4.6786589622497559,4.9038419723510742
4.7753486633300781,4.6927781105041504,-0.44714078307151794,0.69875788688659668
5.1636700630187988,4.5718326568603516,0.30840450525283813,-0.30230560898780823
0.9215506911277771,0.23783282935619354,-0.10751111805438995,-0.10319244861602783
-0.83513379096984863,0.78097712993621826,4.0106449127197266,5.6903300285339355
4.7170190811157227,5.2095446586608887,0.70243561267852783,-0.74570822715759277
0.22895100712776184,0.535663902759552,0.25847136974334717,-1.1569411754608154
5.1916046142578125,-0.56305009126663208,4.5121769905090332,1.2078515291213989
-0.84885972738265991,-0.56861388683319092,-0.77269059419631958,0.66709470748901367
-0.44382855296134949,0.2472492903470993,4.7008981704711914,4.5464882850646973
-0.67303872108459473,-0.53683692216873169,4.3445267677307129,3.2863852977752686
-0.027338758111000061,0.098149649798870087,5.8726334571838379,4.980463981628418
5.7881379127502441,-0.63408887386322021,4.8109006881713867,1.2376476526260376
-0.00094922538846731186,-0.23228909075260162,-0.0019444229546934366,0.12605991959571838
-0.12725473940372467,-0.66251832246780396,5.4645552635192871,5.2927260398864746
6.3520851135253906,-0.10849426686763763,5.3012189865112305,0.70824193954467773
-0.36374828219413757,-0.35289251804351807,1.0420378446578979,-0.54325300455093384
0.068293653428554535,0.64297103881835938,0.29684942960739136,0.86178874969482422
-0.20084427297115326,0.24363553524017334,6.1686553955078125,5.0850510597229004
-0.54436904191970825,0.0022525789681822062,4.660804271697998,5.2419281005859375
0.36351463198661804,-0.49193316698074341,4.1108589172363281,5.7009787559509277
-0.31368950009346008,0.28997066617012024,-0.17939583957195282,-0.060703698545694351
0.51026362180709839,0.22599437832832336,5.1287899017333984,5.2659502029418945
-0.24482163786888123,-0.36171695590019226,5.4639406204223633,5.1829128265380859
4.914914608001709,5.8498048782348633,0.69786536693572998,-1.0802578926086426
4.5116610527038574,5.3343405723571777,-0.11414078623056412,-0.063858270645141602
-0.19532434642314911,0.58874475955963135,-0.17367348074913025,1.1000807285308838
5.2268943786621094,-0.35170972347259521,4.7606925964355469,0.61434042453765869
3.8033087253570557,5.563502311706543,0.42554554343223572,-0.0025715560186654329
-0.59961402416229248,-0.038820631802082062,-0.97358834743499756,1.3679478168487549
0.17029345035552979,-0.15265512466430664,0.46307066082954407,0.074071303009986877
4.3392834663391113,4.4798283576965332,-0.7727845311164856,-0.086447477340698242
0.5900081992149353,-1.3245340585708618,5.5349454879760742,4.2089052200317383
-0.60997521877288818,-0.54926067590713501,-0.10670005530118942,1.9688659906387329
4.4816555976867676,-0.14697833359241486,6.0226426124572754,-0.4581235945224762
4.8638081550598145,5.6457467079162598,-0.77190369367599487,-0.85499083995819092
-0.16343283653259277,0.19206103682518005,4.7026629447937012,5.8402009010314941
4.8477258682250977,0.077264793217182159,5.1291651725769043,0.055640812963247299
0.24946582317352295,0.064684562385082245,5.174044132232666,5.4409356117248535
5.3434653282165527,5.1605110168457031,-0.85459244251251221,0.26977038383483887
-1.0909417867660522,0.070716477930545807,4.9480361938476562,5.1655735969543457
0.572002112865448,-0.55362188816070557,4.07110595703125,5.4732275009155273
5.8065485954284668,0.79448932409286499,5.3258552551269531,-0.096396155655384064
-0.45268213748931885,-0.20025025308132172,4.6930327415466309,4.4500718116760254
3.8678586483001709,0.90822088718414307,5.2184543609619141,0.054817087948322296
-0.98349601030349731,-0.76281028985977173,5.6655640602111816,5.5168375968933105
-1.1476919651031494,-0.34909871220588684,5.107182502746582,5.0359368324279785
0.18523263931274414,-0.67616516351699829,0.48593622446060181,-1.8071373701095581
0.38049456477165222,-0.0028894091956317425,-0.056776423007249832,-0.060110520571470261
5.8843808174133301,-0.03803711012005806,5.0214486122131348,-0.31032401323318481
5.1941432952880859,5.3467793464660645,0.33627751469612122,0.35061496496200562
5.5541062355041504,5.3576087951660156,0.018836360424757004,0.41396039724349976
4.6658706665039062,5.0558695793151855,-0.19419649243354797,0.50692003965377808
-0.59575849771499634,0.88324624300003052,-0.60786634683609009,0.40679001808166504
0.16041760146617889,0.3965001106262207,5.600100040435791,4.1342978477478027
0.20232176780700684,-0.6649852991104126,1.1844319105148315,1.3236641883850098
-1.243984580039978,0.09863010048866272,5.5752325057983398,5.7536883354187012
0.56276214122772217,0.52104306221008301,0.62555801868438721,0.42225399613380432
-0.36783877015113831,-0.22917832434177399,4.6287546157836914,3.9137125015258789
-0.067255742847919464,-0.67721742391586304,5.066920280456543,4.5350322723388672
-0.60835528373718262,0.80456769466400146,5.062798023223877,4.8580417633056641
5.3818354606628418,-0.20301935076713562,5.3591036796569824,-0.67253345251083374
-0.22243368625640869,-0.33250465989112854,-0.18918181955814362,-0.75006979703903198
-0.85279983282089233,-0.072673894464969635,4.5200505256652832,4.5743379592895508
0.17345413565635681,-0.18309803307056427,4.9163680076599121,5.1515054702758789
-0.98872238397598267,0.44264620542526245,1.6888965368270874,0.5624735951423645
-0.1141471341252327,0.26771044731140137,4.7916927337646484,5.1881251335144043
0.011642418801784515,0.74397683143615723,5.5919499397277832,5.9993758201599121
6.621098518371582,4.9271378517150879,-1.0098710060119629,0.072933167219161987
5.3065829277038574,0.080632001161575317,6.7809042930603027,-0.33136197924613953
-0.76400637626647949,-0.32345879077911377,-0.87989556789398193,0.3251250684261322
0.22586274147033691,0.37880009412765503,0.084306180477142334,0.61047095060348511
-0.059259593486785889,-0.69862377643585205,0.02662600576877594,-1.2860672473907471
0.13232669234275818,-0.0067850803025066853,4.8917427062988281,4.407289981842041
4.0304436683654785,5.2333869934082031,-0.98598021268844604,-0.40398940443992615
6.0085415840148926,0.42814049124717712,4.4077496528625488,0.6239970326423645
0.33494144678115845,-0.3834642767906189,5.6658806800842285,5.0089454650878906
4.7741656303405762,-0.20550872385501862,5.0955352783203125,-0.44022607803344727
3.7834603786468506,-0.30212858319282532,4.9717206954956055,-0.10296107083559036
0.23874318599700928,0.41948419809341431,5.1906247138977051,5.830805778503418
-0.83813834190368652,0.46816521883010864,0.10566055774688721,-1.1987491846084595
-0.70936232805252075,-0.20711046457290649,5.0997147560119629,5.3976349830627441
0.32539495825767517,-0.36789906024932861,5.4687261581420898,4.6231889724731445
0.4408327043056488,-0.16717393696308136,5.3700966835021973,5.1242451667785645
4.7728977203369141,-0.9807242751121521,5.7812595367431641,0.35014626383781433
-0.98568332195281982,-0.93889772891998291,-0.049728658050298691,1.7778782844543457
-1.4121805429458618,-0.77160221338272095,5.2095985412597656,4.6873664855957031
-0.84011071920394897,0.64786750078201294,3.7027919292449951,4.2396841049194336
-0.41807591915130615,0.47250372171401978,0.80309587717056274,-0.89602506160736084
4.4157958030700684,4.4641132354736328,0.53680992126464844,0.39674276113510132
5.1928257942199707,0.3887178897857666,4.8782472610473633,-0.79465800523757935
-0.49140623211860657,-0.15558637678623199,6.136167049407959,4.9543566703796387
0.28362274169921875,0.24521146714687347,-0.14470809698104858,-0.23826314508914948
5.7172503471374512,5.7242531776428223,0.21122141182422638,0.55420958995819092
-0.26739501953125,0.13362888991832733,-0.88518351316452026,1.6106830835342407
-0.81187796592712402,0.47819784283638,5.1276035308837891,4.034144401550293
4.2889814376831055,0.46876981854438782,4.5352435111999512,-1.1259536743164062
0.45636418461799622,0.75497704744338989,4.6226282119750977,4.9075002670288086
4.0655913352966309,0.57855868339538574,6.1407790184020996,0.30411601066589355
0.96132421493530273,0.62904804944992065,5.705873966217041,5.5067100524902344
0.16752961277961731,-0.3175823986530304,-0.41422998905181885,-0.36937147378921509
0.5748940110206604,-0.13738161325454712,5.5742039680480957,5.0940322875976562
4.5572628974914551,5.4199624061584473,0.60954898595809937,0.43769696354866028
-0.38463112711906433,-0.093464255332946777,5.359288215637207,4.2822022438049316
5.2678771018981934,5.4871835708618164,0.0072697740979492664,-0.52628940343856812
-0.11352735012769699,-0.13991428911685944,5.1623926162719727,4.8457584381103516
0.35285446047782898,0.4071107804775238,0.51658076047897339,-0.064384639263153076
-0.11282775551080704,-1.0019608736038208,-0.22800560295581818,1.1669527292251587
-0.10982846468687057,-0.24796637892723083,5.934575080871582,4.9146971702575684
1.056222677230835,0.15319128334522247,4.9289450645446777,4.2695813179016113
5.2950916290283203,1.3828343152999878,5.6815080642700195,-0.64989477396011353
3.6038591861724854,4.6580424308776855,0.16153913736343384,0.46684008836746216
0.43034043908119202,0.33989891409873962,4.605165958404541,5.628387451171875
4.5905966758728027,0.79057085514068604,4.9620347023010254,0.28448721766471863
0.023168653249740601,-0.45812252163887024,5.3269696235656738,5.0018444061279297
5.8120660781860352,-0.93334048986434937,4.6564450263977051,-1.1463419198989868
6.014833927154541,4.7133440971374512,-0.35843965411186218,0.053877070546150208
3.813650369644165,0.32662835717201233,5.3552746772766113,-0.36044734716415405
4.0847616195678711,-0.55709582567214966,5.3545646667480469,0.30461353063583374
5.2626481056213379,4.5761032104492188,0.65552365779876709,-0.16133078932762146
-0.38587519526481628,0.42570054531097412,5.3276715278625488,5.0295801162719727
4.714353084564209,-0.0091234203428030014,5.5541296005249023,0.11708039790391922
5.7376408576965332,0.73969173431396484,4.6961212158203125,0.30089244246482849
-0.27693477272987366,-1.103858470916748,0.99845260381698608,-0.20772260427474976
-0.70027828216552734,0.044991541653871536,5.3953452110290527,5.2664074897766113
-0.18021146953105927,0.008797583170235157,4.8427901268005371,5.0519604682922363
5.4619841575622559,5.4360322952270508,-0.27375414967536926,-0.60445016622543335
5.144157886505127,0.78420382738113403,4.1768064498901367,0.35444825887680054
0.45250126719474792,0.48158875107765198,5.4684691429138184,4.8056778907775879
-1.0614489316940308,-0.34667280316352844,-0.93391954898834229,0.45022150874137878
5.0697994232177734,5.2208595275878906,0.823647141456604,0.34491485357284546
0.41521352529525757,1.2205566167831421,4.8341512680053711,5.0330309867858887
5.8267917633056641,4.7202458381652832,0.23363648355007172,-0.26550513505935669
-1.6415821313858032,-0.39499932527542114,-0.56809580326080322,0.065574102103710175
4.5304608345031738,5.2887177467346191,0.4987129271030426,-0.90093439817428589
5.4848260879516602,1.4494481086730957,5.8546838760375977,-0.33209148049354553
0.31444114446640015,-1.1269608736038208,-0.13920417428016663,0.2184123694896698
5.2136707305908203,-0.70854419469833374,5.8285026550292969,0.3529217541217804
-0.96297299861907959,-0.22090469300746918,0.31806302070617676,0.31639716029167175
4.8063907623291016,4.5163712501525879,0.28754797577857971,0.10137742012739182
3.7031242847442627,5.7096028327941895,0.36464580893516541,-0.12681196630001068
0.011458021588623524,-0.23997956514358521,-0.42593830823898315,-0.90392887592315674
4.4043774604797363,6.0405921936035156,-0.21914045512676239,0.22536914050579071
-0.86385923624038696,-0.78690767288208008,4.1151742935180664,5.2446622848510742
5.1015748977661133,-0.038862865418195724,4.0636630058288574,0.20990616083145142
6.0948953628540039,4.9328045845031738,0.11155835539102554,-0.71048116683959961
-0.95066505670547485,0.74617260694503784,-0.79371511936187744,-0.13404271006584167
4.4757018089294434,-0.55942457914352417,4.9045567512512207,-0.70443284511566162
-0.11746856570243835,-0.21539393067359924,-0.99445474147796631,-0.46770218014717102
4.5760083198547363,5.3171181678771973,0.69645226001739502,0.21939073503017426
-0.62621045112609863,-0.29837602376937866,5.2957181930541992,3.9193065166473389
5.3660011291503906,5.593421459197998,-0.52971184253692627,0.235542893409729
4.3956847190856934,0.22701354324817657,5.228734016418457,-1.074222207069397
-0.097069874405860901,0.31045863032341003,0.51694673299789429,-0.15822793543338776
5.5880312919616699,0.049886513501405716,4.0139474868774414,-0.21888099610805511
5.217165470123291,5.5046863555908203,-0.10910744965076447,-0.94290703535079956
-0.96339476108551025,1.1627235412597656,-0.068765148520469666,0.57019329071044922
5.7866339683532715,0.097050406038761139,5.2456350326538086,-0.41523697972297668
0.32363289594650269,-0.22416260838508606,4.5634894371032715,5.3727626800537109
0.13127653300762177,0.0055831163190305233,0.40521994233131409,-0.07133667916059494
-0.07798013836145401,0.14665915071964264,-0.1606336236000061,0.56175446510314941
4.4809684753417969,-0.0035443739034235477,4.6527223587036133,0.85721325874328613
4.5046172142028809,6.1288819313049316,-0.81702500581741333,-0.11922674626111984
4.4275164604187012,0.10742215067148209,3.5253450870513916,0.51573693752288818
4.164665699005127,0.094203367829322815,4.7197403907775879,1.2074605226516724
5.3195033073425293,6.1837296485900879,1.0709998607635498,0.60860550403594971
4.1839914321899414,4.9061093330383301,0.40161636471748352,0.27476173639297485
5.2507996559143066,0.13124002516269684,4.4877967834472656,0.28953278064727783
4.4898452758789062,0.59835416078567505,5.1654634475708008,-0.33534213900566101
0.52171581983566284,0.059717081487178802,3.8810818195343018,4.377739429473877
5.6206884384155273,4.8774781227111816,0.45876696705818176,-0.47177717089653015
5.0124421119689941,-0.2664966881275177,4.7040634155273438,-0.28337985277175903
0.23707158863544464,-0.46042007207870483,4.2794613838195801,4.5711526870727539
5.1658110618591309,0.62963229417800903,4.1641902923583984,0.15343910455703735
4.1558551788330078,-0.68754243850708008,5.9542908668518066,-0.22034314274787903
0.48281121253967285,0.081391178071498871,4.7786951065063477,4.3275527954101562
0.46503239870071411,-0.18387886881828308,4.9854683876037598,4.6094608306884766
-0.54488742351531982,-0.85730338096618652,4.263237476348877,4.905393123626709
4.4023880958557129,4.9107966423034668,-0.16740824282169342,-0.24959413707256317
5.2175278663635254,0.61257684230804443,5.7737479209899902,-0.80128061771392822
-0.65164941549301147,0.24028271436691284,-0.67907041311264038,-1.5492364168167114
0.1051572784781456,-0.46145647764205933,-0.11317077279090881,0.013147272169589996
0.3807140588760376,0.37213534116744995,6.1065220832824707,5.7782392501831055
4.8390169143676758,5.2426996231079102,-0.34196183085441589,1.4234169721603394
-0.086051158607006073,0.061886847019195557,5.9395618438720703,3.8155984878540039
-0.41119572520256042,0.17986102402210236,4.8600778579711914,4.4459996223449707
-0.18627728521823883,-0.32347303628921509,4.5928606986999512,5.5544676780700684
-0.34210172295570374,-0.41875806450843811,5.0718998908996582,5.0625219345092773
1.5206077098846436,-1.1147931814193726,-0.10686923563480377,-0.15389508008956909
5.3609213829040527,-0.47595140337944031,5.3010706901550293,0.38852784037590027
5.6765365600585938,5.093874454498291,0.011228758841753006,0.51580506563186646
-0.28215095400810242,0.013182043097913265,4.265047550201416,5.2479324340820312
4.8755431175231934,5.258171558380127,-0.54340231418609619,-0.71764546632766724
6.6474041938781738,-0.81138002872467041,4.8189296722412109,1.0194684267044067
4.5018258094787598,-0.18211208283901215,4.5964431762695312,0.04961763322353363
-0.38562008738517761,0.013841471634805202,-0.71642667055130005,2.1219735145568848
4.9150328636169434,4.5252509117126465,0.19702440500259399,0.028942788019776344
0.66261970996856689,0.62966924905776978,5.0669956207275391,5.4838976860046387
-1.8006148338317871,-0.75800740718841553,-0.054401770234107971,0.28641015291213989
1.2321562767028809,0.3253365159034729,5.9018826484680176,4.7442340850830078
-0.65627765655517578,-0.37459120154380798,5.2217702865600586,5.8416919708251953
4.2640619277954102,0.12051083892583847,5.7349495887756348,0.26864194869995117
4.7946338653564453,0.83233731985092163,4.4233999252319336,-0.56601375341415405
0.39511954784393311,0.14611072838306427,-1.0275524854660034,-0.499105304479599
-0.51086705923080444,0.017085462808609009,-0.25707674026489258,-0.8186073899269104
-1.1255898475646973,1.0754796266555786,0.19687889516353607,-0.74272757768630981
4.7060861587524414,-0.20802000164985657,6.0434784889221191,0.096448801457881927
5.1969461441040039,4.7944836616516113,-0.042547501623630524,-0.6689496636390686
5.5190973281860352,4.8881559371948242,0.11256752908229828,0.48674497008323669
5.6838302612304688,4.9830327033996582,-0.95646655559539795,-0.17153051495552063
-0.26037314534187317,0.38519260287284851,5.9961042404174805,5.3372011184692383
5.8777856826782227,4.5618834495544434,-1.484201192855835,-0.437214195728302
5.7186846733093262,0.4327714741230011,5.1018848419189453,-1.1704329252243042
4.722628116607666,4.6683406829833984,-0.79701250791549683,0.22357663512229919
5.5477085113525391,-1.2187137603759766,5.8183307647705078,0.040064223110675812
5.6339402198791504,0.017274510115385056,5.2039313316345215,0.66161620616912842
-0.82893258333206177,-0.29717901349067688,0.11744341999292374,-0.2831285297870636
5.9134531021118164,5.2197389602661133,0.29084104299545288,-0.58316224813461304
-0.046811569482088089,0.866752028465271,0.023839864879846573,-0.72929108142852783
0.30140778422355652,-0.58063513040542603,4.5580382347106934,5.5023617744445801
-0.052327878773212433,-1.085771918296814,5.9424662590026855,4.4514002799987793
-0.41457203030586243,-0.92023587226867676,5.7942419052124023,4.8067903518676758
0.91585373878479004,-1.6375643014907837,0.52364671230316162,-0.10779943317174911
0.78843998908996582,-1.1742681264877319,0.24204108119010925,-0.74172431230545044
-0.64185243844985962,0.44975385069847107,5.7257027626037598,3.38820481300354
-0.0095423189923167229,0.44387629628181458,-0.11604811251163483,-0.22687643766403198
0.32335841655731201,-0.33371412754058838,3.855266809463501,5.1393003463745117
-1.0708299875259399,-0.34894132614135742,-0.29912915825843811,-0.30140218138694763
-0.27006322145462036,-0.19726555049419403,4.4263477325439453,5.2329769134521484
0.28709787130355835,0.57344526052474976,0.18768623471260071,0.014182604849338531
-0.20785714685916901,0.31583878397941589,4.1739044189453125,5.2891221046447754
3.7734279632568359,0.18825721740722656,5.2773652076721191,-0.93314474821090698
4.1098241806030273,4.7353944778442383,0.27371501922607422,-0.16040468215942383
4.4462261199951172,-0.27661266922950745,5.6726274490356445,0.28939521312713623
5.1045465469360352,-0.85870206356048584,5.7430191040039062,0.088453143835067749
3.9096059799194336,3.127669095993042,-0.48388129472732544,0.78606170415878296
5.3000245094299316,5.0650477409362793,1.0334447622299194,0.39850115776062012
5.6381278038024902,-1.0144462585449219,5.1394739151000977,0.36899632215499878
4.6608781814575195,-0.40083155035972595,4.5581207275390625,0.47658517956733704
0.56645578145980835,-0.055472232401371002,-0.85055738687515259,0.11247570812702179
5.5838594436645508,5.2522711753845215,1.2535103559494019,-0.30695998668670654
4.9897003173828125,0.19329148530960083,5.4737310409545898,0.54364520311355591
4.7840437889099121,4.69927978515625,0.77887922525405884,0.16502930223941803
-0.11411057412624359,-0.37817561626434326,4.6507372856140137,6.0265026092529297
-1.1265318393707275,0.4814780056476593,0.5031740665435791,0.17294560372829437
0.33620971441268921,0.50006610155105591,3.9643118381500244,4.2889032363891602
0.20123085379600525,-0.56750458478927612,-0.49487826228141785,0.35043033957481384
4.9081864356994629,4.4357209205627441,-0.2462296187877655,-1.2888790369033813
3.3689074516296387,4.9461870193481445,-2.0720140933990479,-0.33909851312637329
5.175330638885498,5.931218147277832,-0.66206914186477661,0.29122141003608704
0.33919331431388855,0.063460782170295715,0.36905542016029358,-0.063018366694450378
4.475468635559082,-0.39979943633079529,4.1465086936950684,1.320429801940918
0.60542029142379761,-0.67404329776763916,-0.24638867378234863,0.078745916485786438
0.346233069896698,0.11972318589687347,4.903376579284668,5.2264056205749512
4.2872014045715332,0.15050482749938965,4.4717445373535156,-0.27673429250717163
-0.57515650987625122,-1.2270087003707886,-0.025819141417741776,-0.48314046859741211
4.8675527572631836,5.4286074638366699,0.20338568091392517,0.49409416317939758
4.4056973457336426,0.15698182582855225,4.4934988021850586,0.25898069143295288
-0.62763315439224243,0.55153942108154297,-0.44625136256217957,0.028216145932674408
5.815788745880127,-0.066651076078414917,5.2477726936340332,-0.26051026582717896
-0.69355440139770508,-0.35476842522621155,4.1643834114074707,5.3299717903137207
0.15650589764118195,0.07307559996843338,0.99188297986984253,0.52459996938705444
4.0650582313537598,-0.60122740268707275,5.9134612083435059,0.0067112981341779232
4.9957156181335449,0.70748484134674072,5.1714844703674316,-0.047737423330545425
5.3406333923339844,-0.79483658075332642,5.0119590759277344,0.18949541449546814
5.6666264533996582,5.1469922065734863,-0.87176162004470825,-0.14957906305789948
-0.67160683870315552,0.23601163923740387,3.60489821434021,4.3819417953491211
-0.44720140099525452,-0.21647953987121582,6.0895853042602539,5.7724647521972656
0.5374111533164978,0.18092094361782074,3.8917746543884277,5.2854080200195312
5.3541464805603027,4.5321741104125977,1.2122645378112793,0.34288373589515686
-0.17307737469673157,0.98810124397277832,0.22509260475635529,-0.41068366169929504
0.028898078948259354,0.73228049278259277,-0.49445337057113647,-0.017489014193415642
-0.29335564374923706,-0.31994792819023132,0.062543608248233795,-0.1303027868270874
0.42779195308685303,0.7577936053276062,4.1238946914672852,4.5242156982421875
0.20915469527244568,0.10714570432901382,-0.061508346349000931,-0.44240593910217285
-0.056136872619390488,-1.4994598627090454,0.49692335724830627,-1.0317126512527466
-0.50723099708557129,0.43538910150527954,4.8954529762268066,4.9772782325744629
0.1665637344121933,0.22229845821857452,0.45240753889083862,-0.33638796210289001
4.8266592025756836,4.3155035972595215,-0.26478210091590881,-0.92203003168106079
-1.1107960939407349,-0.1380222886800766,5.2544240951538086,5.195063591003418
-0.57328116893768311,0.78501385450363159,5.2404899597167969,3.9674184322357178
-1.0122815370559692,-0.045333262532949448,5.1908740997314453,4.7455782890319824
0.55995160341262817,0.44305804371833801,-1.175748348236084,-0.87931948900222778
5.9083704948425293,5.4008255004882812,0.58844864368438721,0.17872147262096405
6.4125709533691406,4.381497859954834,0.057668454945087433,0.50623941421508789
1.2819701433181763,0.21462266147136688,0.72882431745529175,0.2201140969991684
4.5484557151794434,5.2962656021118164,0.09240509569644928,1.1884677410125732
4.2482385635375977,0.26777529716491699,5.7223596572875977,-1.1293429136276245
-0.37489685416221619,-0.85066127777099609,0.31750604510307312,-0.11605478078126907
0.76323866844177246,-0.20828151702880859,1.3033173084259033,0.679962158203125
4.4037103652954102,-1.3831757307052612,5.4541597366333008,0.31715995073318481
-0.42506310343742371,0.35574960708618164,0.34305837750434875,-0.29579758644104004
4.5519318580627441,0.22950991988182068,5.3840899467468262,0.045065354555845261
4.8336138725280762,0.63596528768539429,5.5197114944458008,0.71753835678100586
5.3959379196166992,0.011181743815541267,5.404597282409668,-0.30545416474342346
-0.90728330612182617,-0.05878317728638649,4.9519848823547363,4.5089855194091797
-0.012967013753950596,-0.14069174230098724,0.70468181371688843,0.13142082095146179
3.9472579956054688,4.3828139305114746,-0.27131697535514832,0.95750224590301514
0.62127977609634399,-0.18599705398082733,5.9213480949401855,3.4631037712097168
0.51743859052658081,-0.65644979476928711,5.8455996513366699,5.5017690658569336
5.1593270301818848,6.5331487655639648,0.33007752895355225,0.40997141599655151
4.861203670501709,-0.037448808550834656,5.7316751480102539,-0.74686253070831299
5.6146144866943359,4.6244029998779297,0.3671603798866272,1.175424337387085
5.3704218864440918,5.0242424011230469,-0.34433862566947937,-0.064644023776054382
-0.70261847972869873,1.1802533864974976,0.016966219991445541,-0.31443262100219727
1.5115137100219727,0.51419728994369507,0.46871346235275269,0.29274800419807434
4.6201462745666504,1.8772765398025513,3.6733527183532715,1.2369757890701294
4.3858819007873535,4.3133320808410645,-0.79261749982833862,0.53302669525146484
5.2614164352416992,0.20849969983100891,4.5622625350952148,-0.651813805103302
5.1603779792785645,4.8021035194396973,0.91536778211593628,-1.0314863920211792
0.090920865535736084,0.13800524175167084,-0.61685562133789062,0.043433483690023422
4.1425352096557617,0.31543445587158203,4.6032013893127441,0.24563436210155487
0.055346421897411346,0.40374433994293213,4.2692794799804688,4.3715043067932129
0.23240990936756134,-0.3240351676940918,-1.197690486907959,-0.33247432112693787
6.3462414741516113,-0.38588610291481018,5.7438616752624512,-0.43299499154090881
4.5311203002929688,4.8068013191223145,0.29890570044517517,-0.41321668028831482
0.44398060441017151,0.093487516045570374,5.262232780456543,4.7136340141296387
4.4849467277526855,-0.13062542676925659,5.1134800910949707,1.1556688547134399
5.181210994720459,6.8080697059631348,0.069158501923084259,-0.47908630967140198
4.4233427047729492,5.5229611396789551,0.42412480711936951,0.81346160173416138
-1.1985653638839722,-0.63651186227798462,4.4014778137207031,5.117067813873291
-1.3841410875320435,-1.2186238765716553,4.1679773330688477,4.6815776824951172
0.52033895254135132,1.0147660970687866,5.0534749031066895,5.164278507232666
0.045667961239814758,-0.30205577611923218,5.002723217010498,5.9102444648742676
5.2311348915100098,5.9801368713378906,-0.35097777843475342,0.67984902858734131
-1.2361390590667725,-0.3010457456111908,0.12118657678365707,-0.12678472697734833
4.9127874374389648,-0.35726475715637207,5.0809211730957031,-0.2070869654417038
0.058787651360034943,0.045623306185007095,4.0406956672668457,4.9961061477661133
5.9907035827636719,5.0252013206481934,0.32999530434608459,-0.3467431366443634
-0.41851896047592163,-0.88049519062042236,-0.15564811229705811,-0.24023924767971039
0.48021194338798523,0.1145448312163353,4.3591690063476562,5.2684569358825684
4.9828243255615234,5.2779955863952637,-0.11069237440824509,0.11717033386230469
5.5579614639282227,5.319061279296875,-0.34120979905128479,0.4698423445224762
5.0992999076843262,5.0745816230773926,0.15551123023033142,0.44038206338882446
5.0935306549072266,-0.64532560110092163,4.9567370414733887,-0.14719787240028381
-0.099051736295223236,0.58128267526626587,0.027107920497655869,-0.80469644069671631
5.0527849197387695,4.6856393814086914,-0.30715855956077576,0.32428610324859619
0.051511321216821671,-0.76666229963302612,0.1565583348274231,-0.37196284532546997
4.8970613479614258,-0.50819933414459229,5.2719664573669434,-0.26122486591339111
4.9117541313171387,4.4967794418334961,-0.38677453994750977,-0.26695546507835388
0.51004695892333984,0.44203686714172363,3.6121993064880371,5.3364090919494629
4.8883881568908691,1.3776668310165405,4.9105820655822754,0.56771224737167358
4.4987349510192871,5.2947115898132324,0.35014230012893677,1.4902269840240479
4.9432849884033203,4.9904203414916992,1.4381519556045532,-0.68123680353164673
4.2391171455383301,5.2617940902709961,0.56351214647293091,0.014129574410617352
1.0312339067459106,-0.5061873197555542,-1.1783983707427979,-0.26168355345726013
1.4981042146682739,-0.30016934871673584,5.9008274078369141,5.4815635681152344
4.9848761558532715,5.2099299430847168,1.4050271511077881,0.073149755597114563
5.0042195320129395,4.6300697326660156,0.90438383817672729,-0.4440234899520874
4.4109711647033691,4.6941075325012207,0.28761419653892517,-0.17006830871105194
0.184340700507164,-0.61433613300323486,4.3574380874633789,5.2915701866149902
0.58775448799133301,0.4537733793258667,4.6169109344482422,4.9714226722717285
5.4684267044067383,5.5407042503356934,-0.16910922527313232,-0.23434242606163025
4.9954061508178711,0.61777818202972412,5.5706958770751953,1.1499689817428589
0.75514048337936401,0.39549365639686584,-0.45410981774330139,0.873862624168396
1.060100793838501,0.67639255523681641,4.6572990417480469,5.5208392143249512
4.8130717277526855,1.3629822731018066,4.4502239227294922,0.26725625991821289
0.25618433952331543,-0.084138080477714539,-0.32242700457572937,0.083154164254665375
0.6927451491355896,-0.16089816391468048,-0.65615183115005493,-0.15681712329387665
4.827702522277832,4.6208662986755371,1.167424201965332,0.50564444065093994
0.0796612948179245,1.2740800380706787,4.8279500007629395,4.8832406997680664
-0.66374099254608154,0.21009097993373871,5.0316472053527832,4.049015998840332
4.4718518257141113,-0.75011259317398071,4.8286781311035156,0.15365779399871826
-1.4331800937652588,0.14219936728477478,1.0565191507339478,-0.18806983530521393
-0.41402962803840637,-0.19042821228504181,5.713994026184082,4.4745268821716309
-0.31671404838562012,0.11247875541448593,-0.4589114785194397,-0.72063308954238892
5.6397867202758789,-0.392231285572052,6.0785975456237793,0.65505313873291016
4.3432674407958984,-0.074640452861785889,4.8101162910461426,0.17949792742729187
-0.051035970449447632,0.59409236907958984,0.9639095664024353,-1.2365932464599609
4.7504105567932129,-0.84145158529281616,4.8385090827941895,0.027256147935986519
4.7699065208435059,4.1817474365234375,-0.37576967477798462,0.45104381442070007
0.083087056875228882,-0.10567320138216019,5.0302791595458984,4.1161179542541504
0.90150570869445801,-0.72105932235717773,-0.52082949876785278,-0.48566260933876038
4.3064455986022949,-0.018741227686405182,5.3710532188415527,-0.55339139699935913
0.40595161914825439,1.3500980138778687,4.8643860816955566,4.6107964515686035
4.5837931632995605,-0.25007596611976624,4.9351096153259277,-0.29439261555671692
-0.67768996953964233,-0.3036588728427887,-0.12982393801212311,0.62435507774353027
0.50839698314666748,-1.5732461214065552,6.0728864669799805,5.8967266082763672
4.229407787322998,5.2414407730102539,0.79444748163223267,0.35770604014396667
-0.57072198390960693,-0.95273774862289429,5.0377187728881836,6.5000019073486328
5.6069092750549316,-0.038231588900089264,5.5994324684143066,-0.098642453551292419
4.9358048439025879,5.1757359504699707,0.39244529604911804,0.41048315167427063
0.9484061598777771,-1.1631041765213013,0.36030986905097961,0.16258294880390167
1.6253072023391724,1.0970377922058105,-1.2719916105270386,0.42494329810142517
0.11928028613328934,-0.62672120332717896,5.8790006637573242,5.3729987144470215
0.45634180307388306,0.52371293306350708,4.782442569732666,5.2289304733276367
5.0680012702941895,4.5465841293334961,0.55953550338745117,0.74829965829849243
4.6622767448425293,4.1448750495910645,1.0975388288497925,0.13247936964035034
-0.43078845739364624,-0.556862473487854,-0.33181309700012207,0.099452100694179535
5.6458072662353516,4.992487907409668,-0.91692650318145752,-0.4444219172000885
5.4375133514404297,4.8531246185302734,1.0544577836990356,-0.66297286748886108
5.2832050323486328,5.1087794303894043,0.52433478832244873,-1.0751128196716309
0.5333787202835083,0.56274181604385376,-0.70647090673446655,-0.26590573787689209
4.3198609352111816,-0.69150292873382568,4.7115368843078613,-0.16784043610095978
4.341437816619873,4.0329914093017578,-0.52694106101989746,0.99417763948440552
0.093009710311889648,-0.29021134972572327,4.7466959953308105,4.9612054824829102
5.3244247436523438,4.0470504760742188,0.62455201148986816,0.79261595010757446
5.6904845237731934,-0.17089751362800598,5.9365553855895996,0.61087155342102051
5.8862299919128418,0.21166755259037018,5.4396042823791504,0.15899947285652161
0.1093127429485321,-0.45517933368682861,3.7989542484283447,5.1426644325256348
-0.66064941883087158,-0.43645894527435303,-0.56373810768127441,0.5266680121421814
4.2784838676452637,3.6993887424468994,-0.02554435096681118,-0.46168187260627747
-0.58002519607543945,-0.0034550682175904512,4.5691776275634766,4.9368782043457031
5.8366947174072266,-0.28713542222976685,4.2812843322753906,0.47521096467971802
0.24261616170406342,0.39306923747062683,0.25475737452507019,-0.37398421764373779
0.89418953657150269,0.10292071849107742,0.19908300042152405,0.19348733127117157
4.5915708541870117,5.9107484817504883,0.26361504197120667,0.65575504302978516
-0.031368229538202286,-1.2785499095916748,0.543101966381073,0.37987381219863892
0.38209417462348938,0.50357753038406372,5.9153528213500977,5.1978592872619629
0.21412995457649231,-0.26908519864082336,4.4918251037597656,5.3059887886047363
4.2946305274963379,4.3074617385864258,0.17578354477882385,0.63939517736434937
4.1083683967590332,4.6439733505249023,0.80974799394607544,-0.11680295318365097
3.5327765941619873,-0.12315601110458374,4.8781723976135254,0.29178392887115479
5.3901195526123047,4.5430564880371094,-0.29361775517463684,-1.7872164249420166
0.35847529768943787,0.23583972454071045,5.0830278396606445,5.614264965057373
4.9964509010314941,-1.0871840715408325,4.204735279083252,0.31759732961654663
6.2209281921386719,0.011328472755849361,4.4215145111083984,0.93887495994567871
5.1657733917236328,5.1858296394348145,-0.022068226709961891,0.27613925933837891
-0.29787972569465637,1.2832540273666382,0.08412972092628479,-0.14681133627891541
0.70212972164154053,0.51905363798141479,-0.15522471070289612,-1.2923815250396729
0.60249030590057373,-0.95663446187973022,0.26807394623756409,-1.3296118974685669
-0.42398381233215332,-0.78191322088241577,4.4975295066833496,5.5671539306640625
5.0411386489868164,4.8612089157104492,0.24009296298027039,0.28761240839958191
5.5324559211730957,5.223668098449707,-0.84770447015762329,0.67296421527862549
0.57064825296401978,0.51774132251739502,5.0834007263183594,6.2061405181884766
-0.079785607755184174,0.50485497713088989,-0.35101127624511719,0.37540337443351746
-0.77135056257247925,-0.12523427605628967,0.083685711026191711,-0.50008201599121094
5.9966988563537598,1.1202899217605591,5.2126035690307617,-0.66198974847793579
5.0819458961486816,4.4716320037841797,-0.629322350025177,0.04429645836353302
-0.27861830592155457,0.022119283676147461,0.17576499283313751,-0.59975802898406982
-0.18385428190231323,-0.085865065455436707,0.34559378027915955,-0.11042413115501404
4.7385125160217285,4.3969817161560059,0.28934004902839661,0.38772916793823242
3.9753062725067139,-0.15976078808307648,6.0799140930175781,0.44893926382064819
4.8972263336181641,0.6255066990852356,5.7383785247802734,0.62291926145553589
0.59328943490982056,0.54124492406845093,5.2013006210327148,5.3545780181884766
1.3713852167129517,-0.77618157863616943,5.5685954093933105,4.9673752784729004
-0.32156822085380554,0.15173687040805817,1.216593861579895,0.84904354810714722
-0.11345325410366058,0.26959893107414246,-0.16748557984828949,0.15566696226596832
0.39435049891471863,0.76486355066299438,4.2670412063598633,4.7040600776672363
4.8997235298156738,-0.43699741363525391,4.6483321189880371,0.51269394159317017
4.6779398918151855,5.2248568534851074,-0.38354533910751343,0.044154491275548935
4.7999367713928223,0.013229235075414181,6.2075290679931641,-1.1921083927154541
5.1337423324584961,4.129608154296875,0.66186511516571045,0.56209641695022583
-1.3450212478637695,-0.15843869745731354,0.050997350364923477,0.115622878074646
4.6143240928649902,4.964867115020752,-0.57797396183013916,1.1697990894317627
0.077704064548015594,0.19672299921512604,-0.0066016782075166702,-0.72393608093261719
0.30041036009788513,1.2736561298370361,5.6146430969238281,5.4567437171936035
-0.58841270208358765,0.7938726544380188,4.3444943428039551,5.1201868057250977
4.6409473419189453,0.52278989553451538,3.785430908203125,-0.9576418399810791
3.9878091812133789,-0.29303836822509766,5.5216531753540039,0.22769461572170258
5.2777915000915527,4.8874397277832031,-0.86620485782623291,-0.11871824413537979
0.37979075312614441,-0.035280309617519379,0.74337780475616455,-0.41153368353843689
4.9555277824401855,0.2409479022026062,5.4654583930969238,0.25009220838546753
0.016776939854025841,-0.64908170700073242,4.0353951454162598,3.972923755645752
3.4927403926849365,5.276801586151123,-0.057387381792068481,-0.40862366557121277
5.848090648651123,-0.62452185153961182,4.2211508750915527,-0.27651074528694153
-0.18193171918392181,1.3747411966323853,3.8850982189178467,4.857938289642334
4.6404132843017578,4.8742127418518066,-0.43004441261291504,0.63165491819381714
0.011797314509749413,-0.26813367009162903,-0.33557838201522827,-0.02476220577955246
0.36157938838005066,0.033325601369142532,5.7260379791259766,4.7537446022033691
0.94421100616455078,-0.63687896728515625,4.9982919692993164,4.9023323059082031
5.2331347465515137,4.9873347282409668,0.12132421135902405,-0.11983088403940201
4.3250622749328613,-0.51370918750762939,4.5258188247680664,-0.25150057673454285
-0.047572720795869827,-0.54543077945709229,4.9079270362854004,4.352839469909668
0.064525499939918518,-0.059283077716827393,4.8512754440307617,4.5242528915405273
0.098546870052814484,0.16073779761791229,4.8735504150390625,4.3946290016174316
5.5906662940979004,-0.038240097463130951,5.207674503326416,-0.49598592519760132
-0.052358828485012054,-0.72980546951293945,5.1330246925354004,5.3713788986206055
4.5309290885925293,4.5389771461486816,-1.8827314376831055,0.028357101604342461
5.8355674743652344,4.6583900451660156,0.07851593941450119,-0.36151623725891113
1.6471635103225708,0.51317101716995239,5.1158995628356934,4.939697265625
4.8197808265686035,4.8112921714782715,-0.27316790819168091,0.45875108242034912
5.5640425682067871,0.14284835755825043,5.7132039070129395,1.1273236274719238
5.6494479179382324,-0.32058632373809814,4.562614917755127,0.086759597063064575
0.55205768346786499,0.65412229299545288,0.16825731098651886,-0.24340559542179108
4.7562708854675293,4.3633270263671875,0.50363123416900635,0.34817171096801758
0.39870139956474304,0.59991234540939331,0.13446658849716187,0.36369189620018005
5.7362308502197266,5.1824231147766113,-0.11453408002853394,0.12357036769390106
1.7933415174484253,-0.18529418110847473,-0.71158695220947266,-0.010011709295213223
5.2398014068603516,5.1391749382019043,0.64439553022384644,-0.97370171546936035
0.042927689850330353,0.28105941414833069,4.5486135482788086,4.7324457168579102
4.430793285369873,5.0179052352905273,0.58652108907699585,0.61773216724395752
5.0080399513244629,-0.65549963712692261,5.4497871398925781,-0.22112247347831726
0.42360830307006836,-0.55572003126144409,0.41998302936553955,0.092929750680923462
0.39941659569740295,-0.3520791232585907,-0.15440306067466736,0.56710559129714966
-0.54370987415313721,-0.73546701669692993,3.6291143894195557,5.4156055450439453
0.0028618290089070797,0.029033690690994263,0.38246646523475647,0.56019645929336548
4.3502388000488281,4.2819185256958008,-0.27374690771102905,0.1718277782201767
0.24385122954845428,-0.5368085503578186,-0.62826007604598999,-0.15774211287498474
0.054496210068464279,-0.74348407983779907,-0.68324822187423706,-0.094519555568695068
0.72910434007644653,0.23294147849082947,-0.33258846402168274,-0.66726005077362061
0.090383343398571014,-0.33896651864051819,4.7687454223632812,4.4079732894897461
0.60403311252593994,-0.019442016258835793,0.59061533212661743,0.24357140064239502
5.3542451858520508,4.9792156219482422,0.17893131077289581,0.69881165027618408
4.4905428886413574,-0.035669323056936264,4.6835131645202637,0.12303648144006729
4.1052184104919434,-0.49653422832489014,5.0842604637145996,-0.32912275195121765
-0.024411749094724655,0.72052550315856934,5.5630159378051758,5.49053955078125
6.3171887397766113,4.4214415550231934,-0.3813108503818512,0.60356986522674561
0.4579429030418396,-0.25897911190986633,5.7705645561218262,5.288182258605957
5.3140664100646973,4.439826488494873,-0.35078498721122742,-0.40485361218452454
5.3838515281677246,4.2895231246948242,-0.14019210636615753,0.40147790312767029
0.7737656831741333,-0.2857702374458313,0.10103508830070496,1.307080864906311
1.012987494468689,0.023812316358089447,0.58359611034393311,-0.28578558564186096
0.57857042551040649,-1.3928338289260864,1.0327063798904419,0.30013164877891541
0.77510815858840942,-0.23546122014522552,0.50723642110824585,-0.13417167961597443
5.6209969520568848,5.8715910911560059,-1.1230566501617432,-0.190108522772789
0.84246188402175903,-0.12769700586795807,4.45379638671875,4.2586522102355957
5.6943244934082031,4.2214584350585938,-0.073008701205253601,-1.1764287948608398
4.0404000282287598,0.15733969211578369,4.6242833137512207,0.6260032057762146
-0.45097631216049194,-1.1626198291778564,4.7121386528015137,4.526885986328125
-0.14348882436752319,-0.33228778839111328,5.0396904945373535,4.5677413940429688
4.9877147674560547,-0.38732525706291199,4.463341236114502,-0.5366705060005188
1.1780239343643188,-1.1100140810012817,4.6682486534118652,5.124443531036377
5.2339072227478027,5.0965886116027832,0.3846973180770874,-1.0413129329681396
5.6399497985839844,0.27126413583755493,3.0608432292938232,-0.55991584062576294
-0.16272787749767303,0.61033505201339722,0.081425949931144714,-0.89259976148605347
0.11241398006677628,0.93599772453308105,-0.53658086061477661,1.2514345645904541
-0.10741472989320755,-0.3162497878074646,0.19452305138111115,-1.0603177547454834
-0.093951888382434845,0.46905136108398438,-0.44050654768943787,-0.57486867904663086
1.0736657381057739,-0.33318743109703064,4.8204159736633301,5.0474472045898438
0.18510238826274872,0.18536196649074554,0.40600904822349548,-0.47810107469558716
0.21911820769309998,-0.50610059499740601,5.5721316337585449,4.1207795143127441
4.9748468399047852,4.9543867111206055,0.28524214029312134,0.62299394607543945
4.6406106948852539,0.74312227964401245,4.1120390892028809,-0.092147022485733032
